City_ID,City,Country,Lat,Lng,Max Temp,Humidity,Cloudiness,Wind Speed,Date,Current Descripion
0,Luwuk,ID,-0.9516,122.7875,76.8,85,20,2.35,2021-04-12 17:23:44,few clouds
1,Vaini,TO,-21.2,-175.2,71.6,88,20,5.75,2021-04-12 17:23:44,few clouds
2,Saldanha,ZA,-33.0117,17.9442,73.4,49,100,9.22,2021-04-12 17:20:02,overcast clouds
3,Airai,TL,-8.9266,125.4092,56.91,83,83,2.21,2021-04-12 17:23:45,broken clouds
4,Itupiranga,BR,-5.1347,-49.3267,93.2,59,40,6.91,2021-04-12 17:23:37,scattered clouds
5,Hobart,AU,-42.8794,147.3294,48.2,93,75,5.75,2021-04-12 17:20:23,broken clouds
6,Ushuaia,AR,-54.8,-68.3,50.0,40,40,8.05,2021-04-12 17:23:46,scattered clouds
7,Maragogi,BR,-9.0122,-35.2225,82.83,70,96,7.92,2021-04-12 17:23:46,overcast clouds
8,Mataura,NZ,-46.1927,168.8643,48.99,94,98,1.99,2021-04-12 17:23:47,overcast clouds
9,Bredasdorp,ZA,-34.5322,20.0403,66.2,82,95,8.05,2021-04-12 17:23:47,overcast clouds
10,Kodiak,US,57.79,-152.4072,35.6,93,1,5.14,2021-04-12 17:23:47,clear sky
11,Thompson,CA,55.7435,-97.8558,21.2,53,90,18.41,2021-04-12 17:23:48,overcast clouds
12,Constitucion,CL,-35.3333,-72.4167,69.8,55,1,14.9,2021-04-12 17:23:48,clear sky
13,Santa Isabel,BR,-23.3156,-46.2214,84.2,57,0,11.5,2021-04-12 17:20:48,clear sky
14,Roma,US,43.2128,-75.4557,50.0,62,90,14.97,2021-04-12 17:21:21,overcast clouds
15,Balabac,PH,7.9868,117.0645,80.69,79,49,3.49,2021-04-12 17:23:49,scattered clouds
16,Cape Town,ZA,-33.9258,18.4232,66.99,88,40,12.66,2021-04-12 17:21:40,scattered clouds
17,Provideniya,RU,64.3833,-173.3,12.45,90,100,17.22,2021-04-12 17:23:49,overcast clouds
18,Albany,US,42.6001,-73.9662,53.01,68,100,1.01,2021-04-12 17:23:50,overcast clouds
19,Shiyan,CN,32.6475,110.7781,63.28,65,100,0.18,2021-04-12 17:23:50,overcast clouds
20,Valle De Allende,MX,26.9333,-105.4,76.35,11,8,3.47,2021-04-12 17:23:50,clear sky
21,Andreapol,RU,56.6513,32.2664,50.41,56,100,9.46,2021-04-12 17:23:51,light rain
22,Lebu,CL,-37.6167,-73.65,63.1,73,0,15.35,2021-04-12 17:23:51,clear sky
23,Punta Arenas,CL,-53.15,-70.9167,50.0,53,40,28.77,2021-04-12 17:20:07,scattered clouds
24,Santa Vitoria Do Palmar,BR,-33.5189,-53.3681,70.34,52,0,5.7,2021-04-12 17:23:52,clear sky
25,Caohai,CN,26.8661,104.2841,50.59,87,34,6.29,2021-04-12 17:23:52,scattered clouds
26,Guerrero Negro,MX,27.9769,-114.0611,63.91,61,3,13.53,2021-04-12 17:23:52,clear sky
27,Margate,GB,51.3813,1.3862,48.0,60,34,1.01,2021-04-12 17:23:53,scattered clouds
28,Hithadhoo,MV,-0.6,73.0833,83.95,69,72,10.51,2021-04-12 17:21:14,broken clouds
29,Alice Springs,AU,-23.7,133.8833,57.0,62,92,2.3,2021-04-12 17:20:52,overcast clouds
30,Pontianak,ID,-0.0333,109.3333,75.92,88,81,0.81,2021-04-12 17:23:54,broken clouds
31,Georgetown,MY,5.4112,100.3354,82.0,89,20,3.44,2021-04-12 17:23:54,few clouds
32,Chokurdakh,RU,70.6333,147.9167,-0.09,85,100,12.68,2021-04-12 17:23:55,overcast clouds
33,College,US,64.8569,-147.8028,32.0,59,90,1.28,2021-04-12 17:23:55,overcast clouds
34,Traverse City,US,44.7631,-85.6206,53.6,94,90,2.1,2021-04-12 17:23:55,overcast clouds
35,Popondetta,PG,-8.7537,148.2534,72.59,93,99,2.62,2021-04-12 17:23:56,overcast clouds
36,Saskylakh,RU,71.9167,114.0833,18.45,90,79,11.61,2021-04-12 17:23:56,broken clouds
37,Bambous Virieux,MU,-20.3428,57.7575,73.4,94,75,1.14,2021-04-12 17:23:56,light rain
38,Sitka,US,57.0531,-135.33,37.4,87,90,11.5,2021-04-12 17:23:57,light snow
39,Mahebourg,MU,-20.4081,57.7,73.4,94,75,1.14,2021-04-12 17:23:57,light rain
40,Barrow,US,71.2906,-156.7887,-14.8,76,1,10.36,2021-04-12 17:23:58,clear sky
41,Geraldton,AU,-28.7667,114.6,66.2,63,75,14.97,2021-04-12 17:23:58,broken clouds
42,East London,ZA,-33.0153,27.9116,73.4,94,40,8.05,2021-04-12 17:23:59,scattered clouds
43,Sao Filipe,CV,14.8961,-24.4956,77.34,62,23,5.53,2021-04-12 17:23:59,few clouds
44,Arraial Do Cabo,BR,-22.9661,-42.0278,93.2,29,0,12.66,2021-04-12 17:23:59,clear sky
45,Bolu,TR,40.6667,31.5833,35.56,95,94,1.57,2021-04-12 17:24:00,overcast clouds
46,Srednekolymsk,RU,67.45,153.6833,-27.13,100,41,2.13,2021-04-12 17:24:00,scattered clouds
47,Richards Bay,ZA,-28.783,32.0377,73.26,89,16,2.66,2021-04-12 17:24:00,few clouds
48,Busselton,AU,-33.65,115.3333,54.0,89,96,11.18,2021-04-12 17:24:01,overcast clouds
49,Saint-Francois,FR,46.4154,3.9054,48.2,46,0,11.5,2021-04-12 17:24:01,clear sky
50,Kaitangata,NZ,-46.2817,169.8464,50.61,97,66,4.59,2021-04-12 17:24:01,broken clouds
51,New Norfolk,AU,-42.7826,147.0587,46.99,88,35,2.28,2021-04-12 17:24:02,scattered clouds
52,Qaanaaq,GL,77.484,-69.3632,7.99,80,78,4.12,2021-04-12 17:24:02,broken clouds
53,Mgachi,RU,51.05,142.2667,31.39,96,100,5.19,2021-04-12 17:24:02,light snow
54,Iquitos,PE,-3.7481,-73.2472,87.8,70,75,6.91,2021-04-12 17:22:52,broken clouds
55,Butaritari,KI,3.0707,172.7902,82.04,77,96,14.0,2021-04-12 17:24:03,overcast clouds
56,Tasiilaq,GL,65.6145,-37.6368,30.2,64,11,6.91,2021-04-12 17:24:04,few clouds
57,Laguna De Duero,ES,41.5815,-4.7233,59.0,37,0,5.75,2021-04-12 17:24:04,clear sky
58,Lavrentiya,RU,65.5833,-171.0,5.76,92,100,15.01,2021-04-12 17:24:04,light snow
59,Monte Aprazivel,BR,-20.7725,-49.7142,87.8,22,0,3.44,2021-04-12 17:24:05,clear sky
60,Aksu,CN,41.1231,80.2644,59.25,34,7,12.48,2021-04-12 17:24:05,clear sky
61,Myaundzha,RU,63.0494,147.1858,-23.98,98,10,2.8,2021-04-12 17:24:06,clear sky
62,Isiro,CD,2.7739,27.616,67.87,99,98,3.51,2021-04-12 17:24:06,very heavy rain
63,Clyde River,CA,70.4692,-68.5914,23.0,93,90,17.27,2021-04-12 17:24:07,overcast clouds
64,Saint-Augustin,CA,51.226,-58.6502,46.72,71,7,22.68,2021-04-12 17:24:07,clear sky
65,Hilo,US,19.7297,-155.09,64.4,68,1,5.75,2021-04-12 17:24:08,clear sky
66,Dikson,RU,73.5069,80.5464,25.48,95,100,19.24,2021-04-12 17:24:08,light snow
67,Rikitea,PF,-23.1203,-134.9692,78.15,70,14,10.13,2021-04-12 17:24:08,few clouds
68,Wawa,NG,9.9022,4.4192,99.77,25,39,5.39,2021-04-12 17:24:09,scattered clouds
69,Grand Gaube,MU,-20.0064,57.6608,73.4,94,75,1.14,2021-04-12 17:24:10,light rain
70,Yurimaguas,PE,-5.9,-76.0833,89.6,58,40,4.61,2021-04-12 17:24:10,scattered clouds
71,Ahuimanu,US,21.4447,-157.8378,71.6,73,40,6.91,2021-04-12 17:24:10,scattered clouds
72,Bera,BD,24.0833,89.6167,85.33,41,42,7.72,2021-04-12 17:24:11,scattered clouds
73,Hualmay,PE,-11.0964,-77.6139,73.54,72,71,7.94,2021-04-12 17:24:12,broken clouds
74,Tessalit,ML,20.1986,1.0114,101.28,6,1,11.52,2021-04-12 17:24:12,clear sky
75,Griffith,US,41.5284,-87.4237,63.0,51,40,16.11,2021-04-12 17:24:12,scattered clouds
76,Port Elizabeth,ZA,-33.918,25.5701,69.8,94,0,12.66,2021-04-12 17:24:13,clear sky
77,Kattivakkam,IN,13.2167,80.3167,84.2,74,20,5.75,2021-04-12 17:24:13,few clouds
78,Kahului,US,20.8947,-156.47,68.0,94,20,6.6,2021-04-12 17:24:02,few clouds
79,Lompoc,US,34.6391,-120.4579,50.0,87,43,6.91,2021-04-12 17:24:14,scattered clouds
80,Loncoche,CL,-39.3667,-72.6333,68.0,68,75,2.3,2021-04-12 17:24:14,broken clouds
81,Lorengau,PG,-2.0226,147.2712,77.72,81,100,0.83,2021-04-12 17:24:14,overcast clouds
82,Saint-Philippe,RE,-21.3585,55.7679,78.8,78,0,4.61,2021-04-12 17:24:15,light rain
83,Sidi Ali,DZ,36.0998,0.4206,60.82,75,74,15.66,2021-04-12 17:24:15,broken clouds
84,Khatanga,RU,71.9667,102.5,24.26,88,100,10.63,2021-04-12 17:24:16,overcast clouds
85,Meulaboh,ID,4.1363,96.1285,77.54,86,88,4.29,2021-04-12 17:24:16,overcast clouds
86,Bethel,US,41.3712,-73.414,51.8,58,90,6.91,2021-04-12 17:24:17,overcast clouds
87,Aiken,US,33.5835,-81.5998,82.0,26,1,16.11,2021-04-12 17:24:17,clear sky
88,Victoria,HK,22.2855,114.1577,75.99,84,45,4.5,2021-04-12 17:22:02,scattered clouds
89,Mar Del Plata,AR,-38.0023,-57.5575,75.2,46,0,11.5,2021-04-12 17:24:17,clear sky
90,Christchurch,NZ,-43.5333,172.6333,59.0,58,20,6.91,2021-04-12 17:21:37,few clouds
91,Ossora,RU,59.2353,163.0719,2.73,85,100,5.59,2021-04-12 17:24:18,overcast clouds
92,Petrozavodsk,RU,61.7849,34.3469,55.4,41,100,2.24,2021-04-12 17:21:46,overcast clouds
93,Manokwari,ID,-0.8667,134.0833,79.11,79,99,4.25,2021-04-12 17:24:19,overcast clouds
94,Kapaa,US,22.0752,-159.319,64.4,82,1,6.91,2021-04-12 17:24:19,light rain
95,Avera,US,33.194,-82.5271,82.99,26,1,16.11,2021-04-12 17:24:20,clear sky
96,Bandarbeyla,SO,9.4942,50.8122,80.55,69,65,8.99,2021-04-12 17:24:20,broken clouds
97,Vavuniya,LK,8.7514,80.4971,74.48,93,32,3.24,2021-04-12 17:24:21,scattered clouds
98,Kalmunai,LK,7.4167,81.8167,80.6,76,46,5.03,2021-04-12 17:24:21,scattered clouds
99,Jamestown,US,42.097,-79.2353,57.0,76,90,5.75,2021-04-12 17:24:21,overcast clouds
100,Pevek,RU,69.7008,170.3133,-24.45,99,100,6.13,2021-04-12 17:24:22,overcast clouds
101,San Cristobal,VE,7.7669,-72.225,93.2,40,40,23.02,2021-04-12 17:24:22,scattered clouds
102,Upernavik,GL,72.7868,-56.1549,30.87,96,100,13.15,2021-04-12 17:24:23,light snow
103,Port Alfred,ZA,-33.5906,26.891,71.38,91,96,14.47,2021-04-12 17:24:23,overcast clouds
104,San Policarpo,PH,12.1791,125.5072,79.03,85,56,9.28,2021-04-12 17:24:24,broken clouds
105,Leningradskiy,RU,69.3833,178.4167,-7.65,82,99,7.05,2021-04-12 17:24:24,overcast clouds
106,Ravar,IR,31.2656,56.8055,74.08,26,88,12.66,2021-04-12 17:24:25,overcast clouds
107,Luderitz,NA,-26.6481,15.1594,77.76,43,6,6.64,2021-04-12 17:24:25,clear sky
108,Hermanus,ZA,-34.4187,19.2345,66.99,84,100,3.0,2021-04-12 17:24:25,overcast clouds
109,Santa Isabel Do Rio Negro,BR,-0.4139,-65.0192,83.71,77,50,2.89,2021-04-12 17:24:26,scattered clouds
110,Qinzhou,CN,21.95,108.6167,75.29,81,78,6.26,2021-04-12 17:24:26,light rain
111,Bengkulu,ID,-3.8004,102.2655,76.26,88,91,4.09,2021-04-12 17:24:26,overcast clouds
112,Tuatapere,NZ,-46.1333,167.6833,48.99,94,100,1.99,2021-04-12 17:24:27,moderate rain
113,Yellowknife,CA,62.456,-114.3525,7.0,85,40,14.97,2021-04-12 17:24:27,scattered clouds
114,Champua,IN,22.0833,85.6667,77.61,55,24,10.25,2021-04-12 17:24:28,few clouds
115,Dudinka,RU,69.4058,86.1778,22.03,94,100,12.15,2021-04-12 17:24:28,overcast clouds
116,Saint George,US,37.1041,-113.5841,66.99,15,1,3.58,2021-04-12 17:21:37,clear sky
117,Polson,US,47.6936,-114.1632,37.99,79,9,3.0,2021-04-12 17:24:29,clear sky
118,Ust-Maya,RU,60.4167,134.5333,-7.92,99,45,1.61,2021-04-12 17:24:29,scattered clouds
119,Gazli,UZ,40.1333,63.45,65.73,17,76,10.0,2021-04-12 17:24:30,broken clouds
120,Carnarvon,AU,-24.8667,113.6333,75.29,73,87,23.06,2021-04-12 17:20:17,overcast clouds
121,Port Hawkesbury,CA,45.6169,-61.3485,51.01,75,1,14.97,2021-04-12 17:24:30,clear sky
122,Cherskiy,RU,68.75,161.3,-27.6,100,19,3.18,2021-04-12 17:24:31,few clouds
123,La Ronge,CA,55.1001,-105.2842,30.2,43,93,9.22,2021-04-12 17:24:31,overcast clouds
124,Vicksburg,US,32.3526,-90.8779,78.8,38,1,3.44,2021-04-12 17:24:31,clear sky
125,San Ignacio,BZ,17.1561,-89.0714,91.4,62,0,9.22,2021-04-12 17:24:32,clear sky
126,Kavieng,PG,-2.5744,150.7967,77.52,84,100,13.02,2021-04-12 17:24:32,moderate rain
127,Roald,NO,62.5833,6.1333,39.2,70,75,14.97,2021-04-12 17:24:32,broken clouds
128,Puerto Ayora,EC,-0.7393,-90.3518,78.01,88,75,6.91,2021-04-12 17:24:33,light rain
129,Bluff,NZ,-46.6,168.3333,48.99,94,99,1.99,2021-04-12 17:24:33,overcast clouds
130,Sidney,AU,-33.8679,151.2073,52.0,76,20,10.36,2021-04-12 17:22:36,few clouds
131,Talara,PE,-4.5772,-81.2719,86.0,62,0,13.8,2021-04-12 17:23:20,clear sky
132,Bitkine,TD,11.9801,18.2138,94.75,8,88,7.18,2021-04-12 17:24:34,overcast clouds
133,Wanning,CN,18.8003,110.3967,74.71,91,6,3.38,2021-04-12 17:24:35,clear sky
134,Faanui,PF,-16.4833,-151.75,82.17,73,100,13.53,2021-04-12 17:24:35,overcast clouds
135,Berlevag,NO,70.8578,29.0864,32.0,74,20,23.02,2021-04-12 17:24:36,light snow
136,Pilar,BR,-9.5972,-35.9567,75.2,94,90,10.36,2021-04-12 17:24:36,overcast clouds
137,Gravdal,NO,68.1214,13.5031,35.6,75,75,1.14,2021-04-12 17:24:36,broken clouds
138,Port Blair,IN,11.6667,92.75,82.85,74,73,2.8,2021-04-12 17:24:37,broken clouds
139,Ribeira Grande,PT,38.5167,-28.7,64.4,88,40,14.97,2021-04-12 17:24:37,scattered clouds
140,Upata,VE,8.0086,-62.3989,90.0,62,88,5.01,2021-04-12 17:24:38,overcast clouds
141,Torbay,CA,47.6666,-52.7314,37.99,100,90,14.97,2021-04-12 17:24:38,light rain
142,State College,US,40.7934,-77.86,54.0,93,90,4.61,2021-04-12 17:21:21,light rain
143,Colares,PT,38.7992,-9.4469,64.0,63,0,2.3,2021-04-12 17:24:39,clear sky
144,Dunedin,NZ,-45.8742,170.5036,55.99,71,41,6.78,2021-04-12 17:24:39,scattered clouds
145,Coahuayana,MX,18.7333,-103.6833,80.6,54,1,9.22,2021-04-12 17:24:39,clear sky
146,Namibe,AO,-15.1961,12.1522,81.73,65,2,6.46,2021-04-12 17:24:40,clear sky
147,Barreirinha,BR,-2.7933,-57.07,90.59,52,89,3.04,2021-04-12 17:24:40,overcast clouds
148,Kroya,ID,-7.6331,109.2461,79.21,84,100,1.7,2021-04-12 17:24:41,overcast clouds
149,Sorong,ID,-0.8833,131.25,79.74,82,90,6.15,2021-04-12 17:24:41,overcast clouds
150,Athabasca,CA,54.7169,-113.2854,33.8,55,64,6.91,2021-04-12 17:24:41,broken clouds
151,Kazachinskoye,RU,57.6953,93.2761,34.36,97,100,8.37,2021-04-12 17:24:42,light snow
152,Atuona,PF,-9.8,-139.0333,79.21,80,48,16.75,2021-04-12 17:24:42,light rain
153,Lhokseumawe,ID,5.1801,97.1507,77.59,86,23,4.7,2021-04-12 17:24:42,few clouds
154,Jati,PK,24.3539,68.2671,81.84,48,0,12.46,2021-04-12 17:24:43,clear sky
155,Santa Maria,BR,-29.6842,-53.8069,71.6,60,75,5.75,2021-04-12 17:24:43,broken clouds
156,Baykalovo,RU,57.3981,63.7684,40.59,82,12,7.09,2021-04-12 17:24:44,few clouds
157,Saint-Joseph,RE,-21.3667,55.6167,78.8,78,0,4.61,2021-04-12 17:24:44,light rain
158,Bowen,AU,-20.0167,148.2333,69.8,88,75,4.61,2021-04-12 17:24:45,broken clouds
159,Fomboni,KM,-12.28,43.7425,83.97,72,96,18.72,2021-04-12 17:24:46,overcast clouds
160,Mbandaka,CD,0.0487,18.2603,78.31,72,95,1.59,2021-04-12 17:24:46,overcast clouds
161,Sobolevo,RU,54.4299,31.8996,48.06,86,100,5.08,2021-04-12 17:24:46,light rain
162,San Agustin,MX,20.5333,-103.4667,81.0,18,1,3.44,2021-04-12 17:24:47,clear sky
163,Gushikawa,JP,26.3544,127.8686,73.4,83,40,8.05,2021-04-12 17:24:47,scattered clouds
164,Nome,US,64.5011,-165.4064,30.99,93,90,16.11,2021-04-12 17:24:48,light snow
165,Leshukonskoye,RU,64.8989,45.7622,40.62,74,100,9.8,2021-04-12 17:24:48,overcast clouds
166,Ondjiva,AO,-17.0667,15.7333,84.2,32,0,5.75,2021-04-12 17:24:49,clear sky
167,Cidreira,BR,-30.1811,-50.2056,71.89,64,93,12.73,2021-04-12 17:24:49,overcast clouds
168,Tawang,IN,27.5833,91.8667,42.67,73,58,1.14,2021-04-12 17:24:50,broken clouds
169,Jinxi,CN,30.4323,116.2922,61.16,90,100,2.64,2021-04-12 17:24:51,overcast clouds
170,Bystryy Istok,RU,52.371,84.3873,34.05,97,97,3.87,2021-04-12 17:24:51,overcast clouds
171,Souillac,MU,-20.5167,57.5167,73.4,94,75,1.14,2021-04-12 17:24:51,light rain
172,Barcelos,PT,41.5388,-8.6151,66.2,42,20,11.5,2021-04-12 17:24:52,few clouds
173,Marawi,PH,7.9986,124.2928,75.99,88,58,4.0,2021-04-12 17:24:52,broken clouds
174,Shache,CN,38.4167,77.2406,63.0,20,25,7.36,2021-04-12 17:20:19,scattered clouds
175,Ponta Do Sol,PT,32.6667,-17.1,68.0,88,40,14.97,2021-04-12 17:24:53,scattered clouds
176,Hay River,CA,60.8156,-115.7999,19.4,45,32,16.11,2021-04-12 17:24:53,scattered clouds
177,Caravelas,BR,-17.7125,-39.2481,86.18,47,28,9.82,2021-04-12 17:24:54,scattered clouds
178,Vranovice,CZ,48.966,16.6066,44.01,81,90,18.41,2021-04-12 17:24:54,light rain
179,Oranjestad,AW,12.524,-70.027,86.0,70,20,25.32,2021-04-12 17:24:55,few clouds
180,Sisimiut,GL,66.9395,-53.6735,36.18,77,100,8.95,2021-04-12 17:24:55,overcast clouds
181,Naruja,GE,41.9069,41.9542,50.0,81,75,3.44,2021-04-12 17:24:55,broken clouds
182,Plouzane,FR,48.3833,-4.6167,51.8,53,0,9.22,2021-04-12 17:24:56,clear sky
183,Ayan,RU,56.45,138.1667,10.09,91,96,6.08,2021-04-12 17:24:56,overcast clouds
184,Songea,TZ,-10.6833,35.65,71.6,88,75,5.75,2021-04-12 17:24:57,light rain
185,Leh,IN,34.1667,77.5833,32.52,54,33,3.49,2021-04-12 17:24:57,scattered clouds
186,Walvis Bay,NA,-22.9575,14.5053,91.4,19,0,12.66,2021-04-12 17:24:57,clear sky
187,Leo,BF,11.1,-2.1,105.21,10,5,8.95,2021-04-12 17:24:58,clear sky
188,San Patricio,US,28.017,-97.5169,86.0,58,75,13.8,2021-04-12 17:24:58,broken clouds
189,Chincha Alta,PE,-13.4099,-76.1323,75.2,60,0,6.91,2021-04-12 17:24:59,clear sky
190,Chuy,UY,-33.6971,-53.4616,70.23,50,0,6.2,2021-04-12 17:24:59,clear sky
191,Kautokeino,NO,69.0125,23.0412,17.19,85,3,1.95,2021-04-12 17:24:59,clear sky
192,Isperih,BG,43.7167,26.8333,51.6,54,11,2.86,2021-04-12 17:25:00,few clouds
193,Castro,BR,-24.7911,-50.0119,76.23,68,24,6.4,2021-04-12 17:25:00,few clouds
194,Kuryk,KZ,43.2,51.65,63.21,37,100,7.54,2021-04-12 17:25:00,overcast clouds
195,Iqaluit,CA,63.7506,-68.5145,35.6,87,75,10.36,2021-04-12 17:25:01,broken clouds
196,Esperance,AU,-33.8667,121.9,57.2,77,75,17.27,2021-04-12 17:25:01,broken clouds
197,Anloga,GH,5.7947,0.8973,87.8,70,20,11.5,2021-04-12 17:25:01,few clouds
198,Vila Franca Do Campo,PT,37.7167,-25.4333,62.6,88,40,16.11,2021-04-12 17:25:03,scattered clouds
199,Mount Isa,AU,-20.7333,139.5,59.0,31,1,1.14,2021-04-12 17:25:03,clear sky
200,Tuktoyaktuk,CA,69.4541,-133.0374,-5.8,65,75,4.61,2021-04-12 17:25:04,broken clouds
201,Arroyo,ES,41.6096,-4.7969,59.0,37,0,5.75,2021-04-12 17:25:04,light rain
202,Praia,CV,14.9215,-23.5087,86.0,35,0,19.57,2021-04-12 17:25:05,clear sky
203,Nikolskoye,RU,59.7035,30.7861,59.0,33,0,6.71,2021-04-12 17:25:05,clear sky
204,Port Hedland,AU,-20.3167,118.5667,80.6,89,42,4.61,2021-04-12 17:25:06,scattered clouds
205,Racova,RO,46.7,26.75,60.8,33,0,8.05,2021-04-12 17:25:06,clear sky
206,Nusaybin,TR,37.0778,41.2178,53.31,52,93,12.55,2021-04-12 17:25:06,overcast clouds
207,Bend,US,44.0582,-121.3153,41.0,26,1,3.44,2021-04-12 17:25:07,clear sky
208,Alofi,NU,-19.0595,-169.9187,71.6,100,17,6.91,2021-04-12 17:20:24,few clouds
209,Broken Hill,AU,-31.95,141.4333,53.6,43,74,8.05,2021-04-12 17:25:07,broken clouds
210,Teya,RU,60.3778,92.6267,33.13,97,100,7.14,2021-04-12 17:25:08,light snow
211,Buala,SB,-8.145,159.5921,79.45,82,92,5.08,2021-04-12 17:25:08,overcast clouds
212,Hervey Bay,AU,-25.2986,152.8535,64.0,82,0,8.05,2021-04-12 17:22:27,clear sky
213,Amahai,ID,-3.3333,128.9167,82.0,92,72,2.19,2021-04-12 17:25:09,broken clouds
214,Alfonsine,IT,44.5061,12.0564,59.0,88,100,8.05,2021-04-12 17:25:09,overcast clouds
215,Progreso,MX,21.2833,-89.6667,100.99,39,20,5.75,2021-04-12 17:25:09,few clouds
216,Scarborough,GB,54.2797,-0.4044,43.0,68,35,1.01,2021-04-12 17:25:10,scattered clouds
217,Miyako,JP,39.6367,141.9525,52.47,75,100,15.12,2021-04-12 17:25:10,overcast clouds
218,Fairbanks,US,64.8378,-147.7164,32.0,64,75,9.22,2021-04-12 17:23:05,broken clouds
219,Kununurra,AU,-15.7667,128.7333,73.4,94,100,2.86,2021-04-12 17:25:11,overcast clouds
220,Lata,PT,40.1629,-8.3327,64.0,82,20,5.75,2021-04-12 17:25:11,few clouds
221,Aljezur,PT,37.3191,-8.8033,60.98,67,98,5.19,2021-04-12 17:25:12,overcast clouds
222,Sabang,ID,5.8933,95.3214,82.99,74,9,8.3,2021-04-12 17:25:12,light rain
223,Xining,CN,36.6167,101.7667,40.73,69,44,7.58,2021-04-12 17:25:13,scattered clouds
224,Sao Jose Da Coroa Grande,BR,-8.8978,-35.1478,82.65,71,97,6.98,2021-04-12 17:25:13,overcast clouds
225,Hakkari,TR,37.5833,44.1667,37.08,65,0,4.52,2021-04-12 17:25:14,clear sky
226,Klaksvik,FO,62.2266,-6.589,39.2,52,37,3.44,2021-04-12 17:25:14,scattered clouds
227,Pacific Grove,US,36.6177,-121.9166,54.0,76,75,6.91,2021-04-12 17:25:15,broken clouds
228,Sulangan,PH,11.1373,123.7228,81.68,79,99,14.09,2021-04-12 17:25:15,overcast clouds
229,Nemuro,JP,43.3236,145.575,41.2,88,100,24.83,2021-04-12 17:25:15,overcast clouds
230,Awbari,LY,26.5921,12.7805,92.03,8,67,12.39,2021-04-12 17:25:16,broken clouds
231,Wuchi,CN,29.3786,103.023,46.76,97,100,2.28,2021-04-12 17:25:16,overcast clouds
232,Fuldatal,DE,51.3833,9.5667,41.0,70,40,9.22,2021-04-12 17:25:16,scattered clouds
233,Dakar,SN,14.6937,-17.4441,78.8,53,0,13.8,2021-04-12 17:25:17,clear sky
234,Villa Carlos Paz,AR,-31.4241,-64.4978,75.99,35,0,12.66,2021-04-12 17:25:17,clear sky
235,Acapulco,MX,16.8634,-99.8901,84.2,65,20,8.05,2021-04-12 17:25:18,few clouds
236,Baisha,CN,26.5222,110.9311,60.13,99,96,0.98,2021-04-12 17:25:18,light rain
237,Bindura,ZW,-17.3019,31.3306,69.01,52,27,7.0,2021-04-12 17:25:19,scattered clouds
238,Sao Joao Da Barra,BR,-21.6403,-41.0511,91.4,38,20,5.75,2021-04-12 17:23:01,few clouds
239,Ruwi,OM,23.5996,58.5507,82.4,83,0,4.61,2021-04-12 17:25:19,clear sky
240,Gaoua,BF,10.2992,-3.2508,103.32,15,7,7.18,2021-04-12 17:25:19,clear sky
241,Codrington,AU,-38.2667,141.9667,52.77,76,100,10.16,2021-04-12 17:25:20,overcast clouds
242,Laguna,US,38.421,-121.4238,66.0,48,1,3.44,2021-04-12 17:20:57,clear sky
243,Petropavlovsk-Kamchatskiy,RU,53.0452,158.6483,32.0,43,100,22.37,2021-04-12 17:20:21,overcast clouds
244,Atar,MR,20.5169,-13.0499,98.46,9,7,11.21,2021-04-12 17:24:31,clear sky
245,Morristown,US,36.214,-83.2949,71.01,35,1,11.5,2021-04-12 17:23:25,clear sky
246,Baiao,BR,-2.7906,-49.6717,87.98,61,98,2.21,2021-04-12 17:25:21,overcast clouds
247,Coihueco,CL,-36.6167,-71.8333,73.4,49,0,14.97,2021-04-12 17:25:21,clear sky
248,Cozumel,MX,20.5083,-86.9458,86.0,74,75,12.66,2021-04-12 17:25:22,broken clouds
249,Safaga,EG,26.7292,33.9365,71.6,28,0,18.41,2021-04-12 17:25:23,clear sky
250,Astana,KZ,51.1801,71.446,39.2,81,0,6.71,2021-04-12 17:25:23,clear sky
251,Qasigiannguit,GL,68.8193,-51.1922,33.8,86,75,17.27,2021-04-12 17:25:24,light rain and snow
252,Inhambane,MZ,-23.865,35.3833,80.6,69,20,3.44,2021-04-12 17:21:18,few clouds
253,Poronaysk,RU,49.2167,143.1167,37.96,77,69,9.46,2021-04-12 17:25:24,broken clouds
254,North Highlands,US,38.6857,-121.3722,66.99,36,1,6.91,2021-04-12 17:25:24,clear sky
255,Faya,SA,18.3851,42.4509,66.2,77,40,3.44,2021-04-12 17:25:25,scattered clouds
256,Flinders,AU,-34.5833,150.8552,48.99,93,14,4.61,2021-04-12 17:25:26,few clouds
257,Portsmouth,GB,50.799,-1.0913,51.01,50,94,7.65,2021-04-12 17:25:26,overcast clouds
258,Cabinda,AO,-5.55,12.2,81.72,77,86,2.64,2021-04-12 17:25:26,light rain
259,Aktau,KZ,43.65,51.2,55.4,44,0,4.47,2021-04-12 17:25:27,clear sky
260,Gien,FR,47.6933,2.6309,53.01,47,90,1.99,2021-04-12 17:25:27,overcast clouds
261,Batagay-Alyta,RU,67.8006,130.4114,-7.87,87,97,5.53,2021-04-12 17:25:27,overcast clouds
262,Port Hardy,CA,50.6996,-127.4199,42.8,81,20,6.91,2021-04-12 17:25:28,few clouds
263,Avarua,CK,-21.2078,-159.775,71.6,100,75,3.44,2021-04-12 17:25:28,light rain
264,Mehamn,NO,71.0357,27.8492,32.0,74,40,23.02,2021-04-12 17:25:28,light snow
265,Chynadiyovo,UA,48.4818,22.8217,57.0,43,37,3.8,2021-04-12 17:25:29,scattered clouds
266,Waverly,US,42.7392,-84.6208,59.0,76,90,10.36,2021-04-12 17:25:30,overcast clouds
267,Lillooet,CA,50.6856,-121.942,42.8,61,90,5.75,2021-04-12 17:25:30,overcast clouds
268,Vestmannaeyjar,IS,63.4427,-20.2734,42.8,87,40,20.71,2021-04-12 17:25:31,scattered clouds
269,Bendigo,AU,-36.7667,144.2833,43.0,93,100,1.01,2021-04-12 17:20:35,overcast clouds
270,Lagos,NG,6.5833,3.75,87.8,66,20,8.05,2021-04-12 17:25:31,few clouds
271,Domoni,KM,-12.2569,44.5319,79.66,86,98,7.47,2021-04-12 17:25:32,moderate rain
272,Shebalino,RU,51.2917,85.6772,38.16,85,45,4.68,2021-04-12 17:25:32,scattered clouds
273,Taksimo,RU,56.3444,114.8794,12.02,82,96,3.94,2021-04-12 17:25:33,overcast clouds
274,Shitanjing,CN,39.2342,106.3439,36.72,29,86,4.36,2021-04-12 17:25:33,light rain
275,Banda Aceh,ID,5.5577,95.3222,80.22,79,41,7.45,2021-04-12 17:25:33,scattered clouds
276,Fare,PF,-16.7,-151.0167,82.27,70,100,11.88,2021-04-12 17:23:10,overcast clouds
277,Soto La Marina,MX,23.7667,-98.2167,86.0,66,39,5.99,2021-04-12 17:25:34,scattered clouds
278,Biak,ID,-0.9131,122.8766,75.78,83,24,1.66,2021-04-12 17:25:34,few clouds
279,Omboue,GA,-1.5746,9.2618,82.49,77,84,7.74,2021-04-12 17:25:34,broken clouds
280,Maputo,MZ,-25.9653,32.5892,80.01,78,20,10.36,2021-04-12 17:25:35,few clouds
281,Mpika,ZM,-11.8343,31.4529,62.11,96,64,8.14,2021-04-12 17:25:35,broken clouds
282,Vilhena,BR,-12.7406,-60.1458,84.2,65,40,9.22,2021-04-12 17:25:36,scattered clouds
283,Binga,ZW,-17.6203,27.3414,75.0,62,5,2.62,2021-04-12 17:25:36,clear sky
284,Todos Santos,MX,23.45,-110.2167,84.99,36,1,3.44,2021-04-12 17:25:36,clear sky
285,Mayumba,GA,-3.432,10.6554,82.18,80,87,5.41,2021-04-12 17:25:37,overcast clouds
286,Gimli,CA,50.6336,-96.9907,26.6,93,100,21.85,2021-04-12 17:25:37,snow
287,Kidal,ML,18.4411,1.4078,103.68,5,0,6.73,2021-04-12 17:25:37,clear sky
288,Benemerito De Las Americas,MX,16.5167,-90.6439,97.72,37,2,3.29,2021-04-12 17:21:16,clear sky
289,Kruisfontein,ZA,-34.0033,24.7314,70.0,84,91,1.01,2021-04-12 17:25:38,overcast clouds
290,Xicotencatl,MX,23.0167,-98.8833,87.01,70,72,1.99,2021-04-12 17:25:38,broken clouds
291,Uarini,BR,-2.99,-65.1083,84.2,89,75,3.44,2021-04-12 17:25:39,broken clouds
292,Katsuura,JP,35.1333,140.3,57.99,77,75,2.3,2021-04-12 17:22:26,broken clouds
293,Fortuna,US,40.5982,-124.1573,57.0,81,1,5.75,2021-04-12 17:25:39,clear sky
294,Hofn,IS,64.2539,-15.2082,42.8,61,20,5.75,2021-04-12 17:25:39,few clouds
295,Svetlogorsk,BY,52.6333,29.7333,47.84,90,100,8.14,2021-04-12 17:25:40,overcast clouds
296,Barinitas,VE,8.7622,-70.4111,77.74,76,100,3.22,2021-04-12 17:25:40,overcast clouds
297,Mitsamiouli,KM,-11.3847,43.2844,82.58,75,99,7.99,2021-04-12 17:25:41,light rain
298,Itarema,BR,-2.9248,-39.9167,84.65,69,46,12.95,2021-04-12 17:25:41,scattered clouds
299,Chirilagua,SV,13.2203,-88.1386,93.2,52,40,5.97,2021-04-12 17:25:41,scattered clouds
300,Malanje,AO,-9.5402,16.341,65.86,91,69,4.45,2021-04-12 17:25:42,light rain
301,Atambua,ID,-9.1061,124.8925,71.4,87,88,3.49,2021-04-12 17:25:42,overcast clouds
302,Yerbogachen,RU,61.2767,108.0108,17.92,96,97,5.01,2021-04-12 17:25:43,overcast clouds
303,Karratha,AU,-20.7377,116.8463,82.94,73,49,8.7,2021-04-12 17:25:44,scattered clouds
304,Port Lincoln,AU,-34.7333,135.8667,68.11,35,100,24.99,2021-04-12 17:25:44,overcast clouds
305,Raychikhinsk,RU,49.7838,129.4121,17.73,74,100,12.68,2021-04-12 17:25:44,overcast clouds
306,Rawson,AR,-43.3002,-65.1023,75.78,36,81,18.63,2021-04-12 17:20:52,broken clouds
307,Hovd,MN,48.0056,91.6419,38.16,20,17,1.63,2021-04-12 17:25:45,few clouds
308,Tautira,PF,-17.7333,-149.15,78.8,69,75,5.75,2021-04-12 17:25:45,light rain
309,Anadyr,RU,64.75,177.4833,6.8,72,75,13.42,2021-04-12 17:25:46,snow
310,Nouadhibou,MR,20.931,-17.0347,78.8,44,9,17.27,2021-04-12 17:25:46,clear sky
311,Vardo,NO,70.3705,31.1107,28.4,74,0,19.57,2021-04-12 17:25:47,clear sky
312,Vikulovo,RU,56.8167,70.6107,35.06,94,89,5.53,2021-04-12 17:25:47,overcast clouds
313,Talnakh,RU,69.4865,88.3972,23.86,95,100,8.08,2021-04-12 17:25:48,light snow
314,Sherghati,IN,24.5667,84.7833,77.0,31,40,3.06,2021-04-12 17:25:48,haze
315,Kenai,US,60.5544,-151.2583,39.2,80,90,10.36,2021-04-12 17:25:49,overcast clouds
316,Guilin,CN,25.2819,110.2864,60.8,94,75,4.92,2021-04-12 17:25:49,light rain
317,Nalut,LY,30.3333,10.85,86.29,12,0,15.86,2021-04-12 17:25:49,clear sky
318,Casa Nova,BR,-9.4167,-41.1333,91.4,38,40,6.91,2021-04-12 17:25:50,scattered clouds
319,Kaeo,NZ,-35.1,173.7833,64.99,96,32,5.01,2021-04-12 17:25:50,scattered clouds
320,Biu,NG,10.6129,12.1946,94.57,6,29,5.06,2021-04-12 17:25:51,scattered clouds
321,Rio Gallegos,AR,-51.6226,-69.2181,59.0,25,0,23.02,2021-04-12 17:21:35,clear sky
322,Longyearbyen,SJ,78.2186,15.6401,15.8,53,20,5.75,2021-04-12 17:25:51,few clouds
323,Coquimbo,CL,-29.9533,-71.3436,62.6,72,20,14.97,2021-04-12 17:25:52,few clouds
324,Kasane,BW,-17.8167,25.15,73.4,56,0,1.14,2021-04-12 17:25:52,clear sky
325,Pauini,BR,-7.7136,-66.9764,88.27,55,100,1.34,2021-04-12 17:25:52,overcast clouds
326,Zapolyarnyy,RU,69.4154,30.8136,32.0,64,0,11.5,2021-04-12 17:25:53,clear sky
327,Bubaque,GW,11.2833,-15.8333,78.01,72,3,13.2,2021-04-12 17:25:53,clear sky
328,Grand-Santi,GF,4.25,-54.3833,88.86,56,56,2.95,2021-04-12 17:25:54,broken clouds
329,Kassala,SD,15.451,36.4,91.54,12,26,8.5,2021-04-12 17:22:13,scattered clouds
330,Cabra,ES,37.4725,-4.4421,73.4,46,0,5.75,2021-04-12 17:25:54,clear sky
331,Bahia Blanca,AR,-38.7196,-62.2724,76.06,33,0,14.0,2021-04-12 17:25:55,clear sky
332,Nizhniy Tsasuchey,RU,50.5167,115.1333,23.23,28,50,3.31,2021-04-12 17:25:55,scattered clouds
333,Vila,PT,42.0304,-8.1588,60.01,52,100,3.31,2021-04-12 17:25:56,overcast clouds
334,Orange Cove,US,36.6244,-119.3137,71.01,49,30,1.99,2021-04-12 17:25:56,scattered clouds
335,Seoul,KR,37.5683,126.9778,57.2,93,90,5.75,2021-04-12 17:21:13,light rain
336,Korla,CN,41.7597,86.1469,54.72,24,15,15.32,2021-04-12 17:25:56,few clouds
337,Dunmore Town,BS,25.5,-76.65,75.54,82,6,16.33,2021-04-12 17:25:57,clear sky
338,Irece,BR,-11.3042,-41.8558,90.59,28,98,8.3,2021-04-12 17:25:57,light rain
339,Chicama,PE,-7.8447,-79.1469,69.8,83,20,16.11,2021-04-12 17:25:57,mist
340,The Pas,CA,53.8251,-101.2541,24.8,63,1,14.97,2021-04-12 17:25:58,clear sky
341,Fallon,US,39.4735,-118.7774,48.99,21,20,4.61,2021-04-12 17:25:58,few clouds
342,Kavaratti,IN,10.5669,72.642,83.97,73,59,6.04,2021-04-12 17:25:58,broken clouds
343,Makat,KZ,47.6469,53.3463,62.98,26,0,11.21,2021-04-12 17:25:59,clear sky
344,Chik,RU,54.9928,82.4311,39.2,60,0,11.18,2021-04-12 17:26:00,clear sky
345,Yantal,RU,56.8471,105.2542,23.04,99,76,3.94,2021-04-12 17:26:00,broken clouds
346,Lagoa,PT,39.05,-27.9833,62.06,85,58,13.78,2021-04-12 17:26:01,broken clouds
347,Bondo,CD,3.8146,23.6866,78.17,62,100,0.98,2021-04-12 17:26:01,overcast clouds
348,Krasnoselkup,RU,65.7,82.4667,25.43,91,75,15.23,2021-04-12 17:25:52,broken clouds
349,Muravlenko,RU,63.7898,74.523,30.43,86,55,21.27,2021-04-12 17:26:02,broken clouds
350,Niles,US,42.0189,-87.8028,62.01,55,20,16.11,2021-04-12 17:26:02,few clouds
351,Zhigansk,RU,66.7697,123.3711,4.77,92,100,7.99,2021-04-12 17:26:02,overcast clouds
352,Husavik,IS,66.0449,-17.3389,48.2,46,0,10.36,2021-04-12 17:26:03,clear sky
353,Mtimbira,TZ,-8.7833,36.35,71.44,96,100,3.13,2021-04-12 17:26:03,moderate rain
354,Raudeberg,NO,61.9875,5.1352,39.0,79,100,27.63,2021-04-12 17:26:04,overcast clouds
355,Hambantota,LK,6.1241,81.1185,80.02,76,45,1.12,2021-04-12 17:26:04,scattered clouds
356,Yumen,CN,40.2833,97.2,39.99,49,88,16.11,2021-04-12 17:26:04,overcast clouds
357,Norman Wells,CA,65.282,-126.8329,10.4,56,75,9.22,2021-04-12 17:26:05,broken clouds
358,Honningsvag,NO,70.9821,25.9704,32.0,74,40,23.02,2021-04-12 17:26:05,light snow
359,Axim,GH,4.8699,-2.2405,84.65,72,68,9.95,2021-04-12 17:26:06,broken clouds
360,Luganville,VU,-15.5333,167.1667,77.92,85,86,3.8,2021-04-12 17:26:06,overcast clouds
361,Hundested,DK,55.9667,11.8667,44.01,60,28,4.0,2021-04-12 17:26:06,scattered clouds
362,Humaita,BR,-7.5061,-63.0208,93.72,47,74,1.03,2021-04-12 17:26:07,broken clouds
363,Samfya,ZM,-11.3649,29.5565,65.64,90,75,7.29,2021-04-12 17:26:07,moderate rain
364,Severo-Kurilsk,RU,50.6789,156.125,32.02,91,100,6.58,2021-04-12 17:26:07,overcast clouds
365,Nanortalik,GL,60.1432,-45.2371,36.68,64,6,14.34,2021-04-12 17:26:08,clear sky
366,Horodyshche,UA,49.2849,31.4451,47.73,83,100,1.05,2021-04-12 17:26:08,overcast clouds
367,Nichinan,JP,31.6,131.3667,60.01,93,100,11.01,2021-04-12 17:26:09,moderate rain
368,Baruun-Urt,MN,46.6806,113.2792,23.81,33,16,8.19,2021-04-12 17:26:09,few clouds
369,Moindou,NC,-21.6924,165.677,73.4,100,90,4.61,2021-04-12 17:26:10,light rain
370,Hendaye,FR,43.3717,-1.7738,53.6,62,20,5.75,2021-04-12 17:26:10,few clouds
371,Zeya,RU,53.75,127.2667,9.57,82,9,5.28,2021-04-12 17:26:10,clear sky
372,Wewak,PG,-3.5534,143.6268,77.34,89,100,6.31,2021-04-12 17:26:11,moderate rain
373,Dingle,PH,10.9995,122.6711,77.04,83,100,4.99,2021-04-12 17:26:11,overcast clouds
374,Yatou,CN,37.15,122.3833,46.09,91,96,16.06,2021-04-12 17:26:12,overcast clouds
375,Deniliquin,AU,-35.5333,144.9667,50.65,71,84,1.19,2021-04-12 17:26:12,broken clouds
376,Cabo San Lucas,MX,22.8909,-109.9124,79.0,46,1,3.44,2021-04-12 17:23:40,clear sky
377,Itoman,JP,26.1247,127.6694,73.0,94,75,6.91,2021-04-12 17:26:13,broken clouds
378,Ostrovnoy,RU,68.0531,39.5131,33.21,90,100,11.48,2021-04-12 17:26:13,overcast clouds
379,Tarakan,ID,3.3,117.6333,80.55,79,94,6.82,2021-04-12 17:25:06,light rain
380,Adeje,ES,28.1227,-16.726,73.99,73,40,6.91,2021-04-12 17:26:14,scattered clouds
381,Cucutilla,CO,7.5394,-72.7724,93.2,40,40,23.02,2021-04-12 17:26:14,scattered clouds
382,Hobyo,SO,5.3505,48.5268,82.65,61,100,10.85,2021-04-12 17:26:15,overcast clouds
383,Zelenoborsk,RU,61.4669,64.0333,34.41,88,9,7.56,2021-04-12 17:26:15,clear sky
384,Necochea,AR,-38.5473,-58.7368,78.01,44,0,4.0,2021-04-12 17:22:02,clear sky
385,Naze,JP,28.3667,129.4833,66.58,87,98,16.67,2021-04-12 17:26:16,overcast clouds
386,Moose Factory,CA,51.2585,-80.6094,42.8,75,1,9.22,2021-04-12 17:26:16,clear sky
387,Bolo,PH,13.7899,120.9817,77.0,84,67,3.98,2021-04-12 17:26:17,broken clouds
388,Monte Alegre,BR,-2.0078,-54.0692,87.71,60,52,3.58,2021-04-12 17:26:17,broken clouds
389,Ambilobe,MG,-13.2,49.05,76.08,85,82,2.68,2021-04-12 17:26:17,broken clouds
390,Matagami,CA,49.7502,-77.6328,57.2,58,90,13.8,2021-04-12 17:26:18,overcast clouds
391,Kazerun,IR,29.6195,51.6541,74.25,23,55,1.74,2021-04-12 17:26:18,broken clouds
392,Balkanabat,TM,39.5108,54.3671,68.88,27,0,18.25,2021-04-12 17:26:18,clear sky
393,Ouesso,CG,1.6136,16.0517,75.76,77,99,3.49,2021-04-12 17:26:19,light rain
394,Bonavista,CA,48.6499,-53.1147,37.0,100,100,8.05,2021-04-12 17:26:19,light rain
395,Susanville,US,40.4163,-120.653,48.2,25,1,9.22,2021-04-12 17:26:20,clear sky
396,Kanigoro,ID,-8.13,112.219,73.72,92,30,2.8,2021-04-12 17:26:20,scattered clouds
397,Lafia,NG,8.4833,8.5167,98.71,26,97,6.13,2021-04-12 17:26:20,overcast clouds
398,Vao,NC,-22.6667,167.4833,75.51,86,100,4.88,2021-04-12 17:26:21,light rain
399,Awjilah,LY,29.1081,21.2869,76.15,8,55,9.01,2021-04-12 17:26:21,broken clouds
400,Jardim,BR,-21.4803,-56.1381,88.63,48,50,8.19,2021-04-12 17:26:22,scattered clouds
401,Barinas,VE,8.6226,-70.2075,79.34,78,100,7.87,2021-04-12 17:26:22,overcast clouds
402,Nouakchott,MR,18.0858,-15.9785,102.2,7,59,18.41,2021-04-12 17:26:23,broken clouds
403,Ajdabiya,LY,30.7554,20.2263,76.26,14,73,17.69,2021-04-12 17:26:23,broken clouds
404,Florin,US,38.496,-121.4088,66.99,48,1,3.44,2021-04-12 17:26:23,clear sky
405,Kita,ML,13.0349,-9.4895,109.47,7,15,4.21,2021-04-12 17:26:24,few clouds
406,Paamiut,GL,61.994,-49.6678,34.0,79,13,4.0,2021-04-12 17:26:24,few clouds
407,Newport,GB,51.5877,-2.9984,50.0,64,98,1.99,2021-04-12 17:26:25,overcast clouds
408,Kaoma,ZM,-14.7833,24.8,70.23,64,83,4.94,2021-04-12 17:26:25,broken clouds
409,Nara,JP,34.6851,135.8049,61.0,46,100,7.96,2021-04-12 17:26:25,light rain
410,Khvastovichi,RU,53.4694,35.0941,59.0,63,100,6.71,2021-04-12 17:26:26,light rain
411,Pindi Bhattian,PK,31.8978,73.273,78.91,27,58,6.04,2021-04-12 17:26:26,broken clouds
412,Sovetskiy,RU,61.3614,63.5842,34.5,88,11,7.07,2021-04-12 17:26:27,few clouds
413,Mayo,US,38.8876,-76.5119,55.0,82,90,11.5,2021-04-12 17:26:27,overcast clouds
414,San Miguel,SV,13.4833,-88.1833,93.2,52,40,3.09,2021-04-12 17:23:24,scattered clouds
415,Portland,US,45.5234,-122.6762,52.0,49,40,5.75,2021-04-12 17:25:25,scattered clouds
416,Yar-Sale,RU,66.8333,70.8333,30.92,77,66,22.35,2021-04-12 17:26:28,broken clouds
417,Tura,IN,25.5198,90.2201,77.72,36,1,6.44,2021-04-12 17:26:28,clear sky
418,Beira,MZ,-19.8436,34.8389,80.01,73,20,10.96,2021-04-12 17:26:29,few clouds
419,Nicoya,CR,10.1483,-85.452,89.6,48,20,4.61,2021-04-12 17:26:29,few clouds
420,Vestmanna,FO,62.1564,-7.1664,39.2,52,52,3.44,2021-04-12 17:26:30,broken clouds
421,Karasjok,NO,69.4719,25.5112,35.6,48,20,4.61,2021-04-12 17:26:30,few clouds
422,Komsomolskiy,UZ,40.4272,71.7189,62.6,31,23,11.5,2021-04-12 17:26:31,few clouds
423,Ucluelet,CA,48.9329,-125.5528,50.0,50,1,5.75,2021-04-12 17:24:42,clear sky
424,Port Augusta,AU,-32.5,137.7667,66.2,30,100,13.8,2021-04-12 17:26:31,overcast clouds
425,Tondano,ID,1.3038,124.9112,75.2,94,40,2.3,2021-04-12 17:26:32,scattered clouds
426,Des Moines,US,41.6005,-93.6091,54.0,43,20,21.85,2021-04-12 17:23:08,few clouds
427,Meiktila,MM,20.8667,95.8667,88.77,39,88,16.28,2021-04-12 17:26:32,overcast clouds
428,Hami,CN,42.8,93.45,53.29,28,17,5.86,2021-04-12 17:26:33,few clouds
429,Valparaiso,CL,-33.0393,-71.6273,68.0,45,0,6.91,2021-04-12 17:21:44,clear sky
430,Newtownards,GB,54.5924,-5.6909,50.0,61,75,8.05,2021-04-12 17:26:33,broken clouds
431,Port Moresby,PG,-9.4431,147.1797,75.2,94,40,4.41,2021-04-12 17:25:17,fog
432,Rio Grande,BR,-32.035,-52.0986,77.0,57,75,9.22,2021-04-12 17:26:34,broken clouds
433,Inirida,CO,3.8653,-67.9239,85.1,66,100,2.21,2021-04-12 17:26:34,overcast clouds
434,Gonbad-E Qabus,IR,37.25,55.1672,64.4,77,0,4.61,2021-04-12 17:26:35,clear sky
435,Chokwe,MZ,-24.5333,32.9833,74.59,71,0,9.89,2021-04-12 17:26:35,clear sky
436,Adana,TR,36.985,35.2881,51.8,82,20,2.3,2021-04-12 17:26:36,few clouds
437,Tiksi,RU,71.6872,128.8694,3.33,92,89,8.1,2021-04-12 17:26:36,overcast clouds
438,Bathsheba,BB,13.2167,-59.5167,82.4,61,75,18.41,2021-04-12 17:26:36,volcanic ash
439,Dungarvan,IE,52.0881,-7.6253,48.99,84,98,3.0,2021-04-12 17:26:37,overcast clouds
440,Encruzilhada,BR,-15.5314,-40.9094,88.18,35,37,3.0,2021-04-12 17:26:37,scattered clouds
441,Cumaru,BR,-8.0061,-35.6972,82.76,57,97,10.47,2021-04-12 17:26:38,overcast clouds
442,Novokizhinginsk,RU,51.6115,109.5917,21.76,61,47,3.74,2021-04-12 17:26:38,scattered clouds
443,Khani,GE,41.9563,42.9566,48.2,93,75,3.44,2021-04-12 17:26:38,broken clouds
444,Mumford,GH,5.2618,-0.759,83.73,74,83,12.33,2021-04-12 17:26:39,broken clouds
445,Rocha,UY,-34.4833,-54.3333,69.78,59,0,6.6,2021-04-12 17:26:39,clear sky
446,Esil,KZ,51.9556,66.4042,33.35,84,34,7.4,2021-04-12 17:26:39,scattered clouds
447,Svetlaya,RU,46.5389,138.3297,38.79,86,94,15.64,2021-04-12 17:26:40,overcast clouds
448,Acarau,BR,-2.8856,-40.12,84.36,70,42,13.33,2021-04-12 17:22:19,scattered clouds
449,Grua,NO,60.2667,10.6667,34.0,93,75,10.36,2021-04-12 17:26:40,light snow
450,Toora-Khem,RU,52.4675,96.11,31.93,98,100,2.13,2021-04-12 17:26:41,overcast clouds
451,Sakiai,LT,54.9547,23.0358,57.2,38,0,4.61,2021-04-12 17:26:41,clear sky
452,Aykhal,RU,66.0,111.5,19.04,94,100,15.17,2021-04-12 17:26:41,overcast clouds
453,Honiara,SB,-9.4333,159.95,77.0,87,95,4.74,2021-04-12 17:26:42,overcast clouds
454,Yaring,TH,6.8662,101.3689,78.44,85,11,4.45,2021-04-12 17:26:42,few clouds
455,Salinopolis,BR,-0.6136,-47.3561,84.2,70,53,10.36,2021-04-12 17:26:42,broken clouds
456,Abengourou,CI,6.7297,-3.4964,85.44,68,98,6.8,2021-04-12 17:26:43,moderate rain
457,Los Llanos De Aridane,ES,28.6585,-17.9182,71.6,73,0,4.61,2021-04-12 17:26:43,clear sky
458,Oistins,BB,13.0667,-59.5333,82.4,61,75,18.41,2021-04-12 17:26:44,volcanic ash
459,Muzhi,RU,65.3667,64.6667,33.21,72,53,18.5,2021-04-12 17:26:44,broken clouds
460,Moranbah,AU,-22.0016,148.0466,64.42,74,1,8.66,2021-04-12 17:26:45,clear sky
461,Durango,MX,24.8333,-104.8333,72.37,9,1,2.33,2021-04-12 17:25:00,clear sky
462,Qidong,CN,31.8128,121.6561,61.0,95,25,7.34,2021-04-12 17:26:45,scattered clouds
463,Columbia,US,34.0007,-81.0348,82.0,24,1,11.5,2021-04-12 17:25:45,clear sky
464,Dong Hoi,VN,17.4833,106.6,74.08,92,67,6.49,2021-04-12 17:26:46,broken clouds
465,Benicarlo,ES,40.4165,0.4271,54.0,60,3,7.0,2021-04-12 17:26:46,clear sky
466,Alta Floresta,BR,-9.8756,-56.0861,91.4,52,40,4.61,2021-04-12 17:26:47,scattered clouds
467,Gazimurskiy Zavod,RU,51.5461,118.3266,16.11,42,10,2.21,2021-04-12 17:26:47,clear sky
468,Kanalion,GR,39.6056,19.8925,62.6,59,0,6.91,2021-04-12 17:26:47,clear sky
469,Flin Flon,CA,54.7682,-101.865,26.6,50,90,12.66,2021-04-12 17:26:48,snow
470,Leninskoye,KZ,41.7589,69.3864,57.2,51,20,2.3,2021-04-12 17:26:48,few clouds
471,Aguimes,ES,27.9054,-15.4461,72.0,73,20,23.02,2021-04-12 17:26:49,few clouds
472,Saint-Pierre,RE,-21.3393,55.4781,78.8,78,0,4.61,2021-04-12 17:26:49,light rain
473,Devaprayag,IN,30.15,78.6167,70.97,35,12,6.2,2021-04-12 17:26:49,few clouds
474,Prado,BR,-17.3411,-39.2208,82.38,55,49,10.42,2021-04-12 17:25:09,scattered clouds
475,Agar,IN,23.7,76.0167,87.87,10,14,5.12,2021-04-12 17:26:50,few clouds
476,Lagunas,PE,-5.2269,-75.6753,82.54,81,98,1.5,2021-04-12 17:26:50,overcast clouds
477,Ilulissat,GL,69.2167,-51.1,33.8,86,75,17.27,2021-04-12 17:26:51,light rain and snow
478,Arlit,NE,18.7369,7.3853,100.49,4,0,4.23,2021-04-12 17:26:51,clear sky
479,Alfatar,BG,43.95,27.2833,51.01,52,6,5.99,2021-04-12 17:26:51,clear sky
480,Skibbereen,IE,51.55,-9.2667,46.4,87,75,8.05,2021-04-12 17:26:52,broken clouds
481,Barela,IN,23.1,80.05,86.32,15,29,3.76,2021-04-12 17:26:52,scattered clouds
482,Kewanee,US,41.2456,-89.9248,55.99,66,5,5.99,2021-04-12 17:26:37,clear sky
483,Vila Velha,BR,-20.3297,-40.2925,89.6,40,20,11.14,2021-04-12 17:26:42,few clouds
484,Livingston,GB,55.9029,-3.5226,50.0,27,0,5.75,2021-04-12 17:26:53,clear sky
485,Riyadh,SA,24.6877,46.7219,91.4,15,0,4.61,2021-04-12 17:26:53,clear sky
486,Katangli,RU,51.7102,143.2326,25.07,96,100,14.74,2021-04-12 17:26:54,light snow
487,Hasaki,JP,35.7333,140.8333,50.0,87,75,1.14,2021-04-12 17:26:54,broken clouds
488,Jaen,ES,38.0,-3.5,71.01,49,100,7.96,2021-04-12 17:25:05,overcast clouds
489,Prince Rupert,CA,54.3161,-130.3201,39.2,65,1,1.54,2021-04-12 17:26:55,clear sky
490,Ancud,CL,-41.8697,-73.8203,60.8,100,90,13.8,2021-04-12 17:26:56,light rain
491,Eureka,US,40.8021,-124.1637,53.01,87,40,3.44,2021-04-12 17:26:56,mist
492,Deputatskiy,RU,69.3,139.9,-9.29,89,100,4.81,2021-04-12 17:26:57,overcast clouds
493,Tuni,IN,17.35,82.55,80.24,81,64,1.61,2021-04-12 17:26:57,broken clouds
494,Ginda,IN,30.6945,78.4932,54.59,50,36,8.32,2021-04-12 17:26:58,scattered clouds
495,Tilichiki,RU,60.4667,166.1,-11.88,94,22,8.43,2021-04-12 17:26:58,few clouds
496,El Dorado,US,38.7666,-120.5177,68.0,26,40,3.0,2021-04-12 17:26:59,scattered clouds
497,Tumpat,MY,6.1978,102.171,82.0,89,20,5.41,2021-04-12 17:26:59,few clouds
498,Porto Novo,BJ,6.4965,2.6036,87.8,58,20,12.66,2021-04-12 17:27:00,few clouds
499,Lalsot,IN,26.5667,76.3333,86.0,23,20,4.88,2021-04-12 17:27:00,haze
500,Erbaa,TR,40.6689,36.5675,48.2,81,75,5.75,2021-04-12 17:27:01,light rain
501,Naryan-Mar,RU,67.6713,53.087,31.5,88,64,19.01,2021-04-12 17:27:02,broken clouds
502,Krasnoarmeysk,RU,51.0239,45.6969,55.31,53,42,10.11,2021-04-12 17:27:02,scattered clouds
503,Laurel,US,39.0993,-76.8483,57.99,87,90,4.61,2021-04-12 17:22:40,overcast clouds
504,Finschhafen,PG,-6.6024,147.8681,77.13,85,100,3.38,2021-04-12 17:27:02,heavy intensity rain
505,Vallenar,CL,-28.5708,-70.7581,82.54,28,0,6.62,2021-04-12 17:27:03,clear sky
506,Nioro,GM,13.35,-15.75,108.72,7,0,3.94,2021-04-12 17:27:03,clear sky
507,Agadez,NE,19.75,10.25,94.75,5,0,6.46,2021-04-12 17:27:03,clear sky
508,Labuhan,ID,-6.8844,112.2051,77.27,89,86,7.85,2021-04-12 17:27:04,overcast clouds
509,Sakyla,FI,61.0333,22.3333,50.0,81,90,9.22,2021-04-12 17:27:04,light rain
510,Buturlino,RU,55.5667,44.8974,38.88,94,100,9.98,2021-04-12 17:27:04,overcast clouds
511,Tianpeng,CN,30.9866,103.9393,64.99,1,100,1.77,2021-04-12 17:27:05,overcast clouds
512,Hamilton,US,39.1834,-84.5333,60.01,72,90,13.8,2021-04-12 17:24:36,overcast clouds
513,Dongsheng,CN,39.8161,109.9776,30.02,28,5,11.45,2021-04-12 17:27:05,clear sky
514,Aklavik,CA,68.2191,-135.0107,10.4,44,100,5.75,2021-04-12 17:27:06,overcast clouds
515,Goderich,CA,43.7501,-81.7165,48.2,100,100,4.61,2021-04-12 17:27:06,overcast clouds
516,Gopalpur,IN,19.2667,84.9167,79.93,67,85,5.35,2021-04-12 17:27:07,overcast clouds
517,Bad Harzburg,DE,51.8833,10.5667,41.0,86,94,7.7,2021-04-12 17:27:07,moderate rain
518,Margherita,IN,27.2833,95.6833,74.52,48,10,2.84,2021-04-12 17:27:07,clear sky
519,Sioux Lookout,CA,50.1001,-91.917,33.8,93,90,12.66,2021-04-12 17:25:56,light rain
520,Winnemucca,US,40.973,-117.7357,46.4,23,1,11.5,2021-04-12 17:27:08,clear sky
521,Ouango,CF,4.3133,22.5552,79.99,67,100,4.65,2021-04-12 17:27:08,light rain
522,Odolena Voda,CZ,50.2334,14.4108,37.0,87,90,5.75,2021-04-12 17:27:09,light rain
523,Yoichi,JP,43.2039,140.7703,46.99,79,100,3.0,2021-04-12 17:27:09,overcast clouds
524,Beringovskiy,RU,63.05,179.3167,7.48,92,100,25.86,2021-04-12 17:27:10,light snow
525,Saint Cloud,US,45.5608,-94.1625,45.0,81,90,16.11,2021-04-12 17:27:10,light rain
526,Ambulu,ID,-8.345,113.6058,76.35,88,15,1.9,2021-04-12 17:27:11,few clouds
527,Bambanglipuro,ID,-7.95,110.2833,78.49,84,98,2.08,2021-04-12 17:27:11,overcast clouds
528,Antalaha,MG,-14.9003,50.2788,76.71,85,80,8.57,2021-04-12 17:27:11,broken clouds
529,Santa Clara,CU,22.4,-79.9667,89.6,48,40,11.5,2021-04-12 17:27:12,scattered clouds
530,Xudat,AZ,41.631,48.681,50.52,78,1,4.0,2021-04-12 17:27:12,clear sky
531,Turan,VN,16.0678,108.2208,78.8,83,40,1.14,2021-04-12 17:26:39,scattered clouds
532,Ailigandi,PA,9.2333,-78.0167,82.99,76,75,7.83,2021-04-12 17:27:13,broken clouds
533,Igarka,RU,67.4667,86.5833,26.55,92,96,12.15,2021-04-12 17:27:13,overcast clouds
534,Iracoubo,GF,5.4802,-53.2011,81.54,79,63,7.85,2021-04-12 17:27:14,broken clouds
535,Nador,MA,35.174,-2.9287,62.6,82,75,10.36,2021-04-12 17:27:14,broken clouds
536,Bardiyah,LY,31.7561,25.0865,59.83,53,1,9.73,2021-04-12 17:27:14,clear sky
537,Wadi Maliz,TN,36.4681,8.5495,64.4,68,40,9.22,2021-04-12 17:27:15,scattered clouds
538,Alyangula,AU,-13.8483,136.4192,69.8,100,12,2.3,2021-04-12 17:27:15,few clouds
539,Mpanda,TZ,-6.3655,31.0409,66.65,94,89,2.26,2021-04-12 17:27:16,overcast clouds
540,Oktyabrskiy,RU,54.4815,53.471,44.31,98,100,5.17,2021-04-12 17:27:16,overcast clouds
541,Usinsk,RU,65.9939,57.5281,33.53,82,45,17.25,2021-04-12 17:27:16,scattered clouds
542,Chingirlau,KZ,51.095,54.0814,52.34,56,20,9.24,2021-04-12 17:27:17,few clouds
543,Port Hueneme,US,34.1478,-119.1951,60.01,77,90,3.69,2021-04-12 17:27:17,overcast clouds
544,Norden,DE,53.6,7.2,44.01,65,35,11.01,2021-04-12 17:27:18,scattered clouds
545,Mata,PT,40.683,-7.4592,62.01,60,79,1.99,2021-04-12 17:27:18,broken clouds
546,Kamaishi,JP,39.2667,141.8833,53.28,78,100,18.1,2021-04-12 17:27:18,overcast clouds
547,Povorino,RU,51.1945,42.2457,57.0,50,86,9.26,2021-04-12 17:27:19,overcast clouds
548,Palmas Bellas,PA,9.2319,-80.0867,88.0,66,54,11.99,2021-04-12 17:27:19,broken clouds
549,Kitui,KE,-1.367,38.0106,71.51,67,72,4.18,2021-04-12 17:27:19,broken clouds
550,Puerto Leguizamo,CO,-0.1934,-74.7819,73.96,97,99,2.89,2021-04-12 17:27:20,overcast clouds
551,Fangshan,CN,39.6983,115.9925,57.0,32,24,1.01,2021-04-12 17:27:20,few clouds
552,Dawlatabad,AF,36.4141,64.9053,68.18,22,100,5.86,2021-04-12 17:27:20,overcast clouds
553,Along,IN,28.1667,94.7667,63.55,90,42,3.51,2021-04-12 17:27:21,scattered clouds
554,Kaabong,UG,3.4836,34.1492,71.96,54,90,9.91,2021-04-12 17:27:21,overcast clouds
555,Riverton,US,40.5219,-111.9391,48.99,45,1,8.05,2021-04-12 17:25:43,clear sky
556,Saryg-Sep,RU,51.5,95.6,36.9,59,100,2.77,2021-04-12 17:27:22,overcast clouds
557,Shieli,KZ,44.1667,66.75,52.93,60,74,4.34,2021-04-12 17:27:22,broken clouds
558,Poum,NC,-20.2333,164.0167,77.97,84,95,8.77,2021-04-12 17:27:23,overcast clouds
559,Sangar,RU,63.9242,127.4739,-10.3,98,43,1.52,2021-04-12 17:27:23,scattered clouds
560,Marfino,RU,55.7028,37.3822,54.0,50,0,13.42,2021-04-12 17:27:23,light rain
561,Bagdarin,RU,54.4333,113.6,11.88,60,0,3.47,2021-04-12 17:27:24,clear sky
562,Katy,US,29.7858,-95.8244,82.99,60,56,1.99,2021-04-12 17:27:24,broken clouds
563,Asau,RO,46.4333,26.4,55.0,29,22,2.28,2021-04-12 17:27:24,few clouds
564,Elko,US,41.0002,-115.5012,46.99,30,10,4.0,2021-04-12 17:27:25,clear sky
565,Llanes,ES,43.4198,-4.7549,53.01,65,58,18.92,2021-04-12 17:27:25,broken clouds
566,Kathu,TH,7.9178,98.3332,86.0,88,20,10.27,2021-04-12 17:27:25,few clouds
567,San Quintin,MX,30.4833,-115.95,60.37,65,81,7.83,2021-04-12 17:27:26,broken clouds
568,Krasavino,RU,60.9614,46.4814,44.26,77,89,9.19,2021-04-12 17:27:26,overcast clouds
569,Dukat,RU,62.55,155.55,-22.74,100,100,4.03,2021-04-12 17:27:27,overcast clouds
570,Kargasok,RU,59.0556,80.8572,32.67,91,92,8.72,2021-04-12 17:27:27,overcast clouds
571,Wittmund,DE,53.5667,7.7833,42.8,61,40,12.66,2021-04-12 17:25:03,scattered clouds
572,Cedar City,US,37.6775,-113.0619,51.01,21,1,3.44,2021-04-12 17:27:28,clear sky
573,Quelimane,MZ,-17.8786,36.8883,80.6,78,75,5.12,2021-04-12 17:27:28,light rain
574,Gilgit,PK,35.9221,74.3087,55.74,58,14,0.83,2021-04-12 17:27:29,few clouds
575,Conceicao Da Barra,BR,-18.5933,-39.7322,88.36,44,50,6.31,2021-04-12 17:24:29,scattered clouds
576,Khasan,RU,42.4308,130.6434,43.54,97,100,6.31,2021-04-12 17:27:30,light rain
577,Hyeres,FR,43.1167,6.1167,59.0,38,0,14.97,2021-04-12 17:27:30,clear sky
578,Basoko,CD,1.2391,23.616,79.21,68,90,2.1,2021-04-12 17:27:30,overcast clouds
579,Lethem,GY,3.3803,-59.7968,85.53,63,54,2.08,2021-04-12 17:27:31,broken clouds
580,Bairnsdale,AU,-37.8333,147.6167,45.0,94,5,4.07,2021-04-12 17:27:31,clear sky
581,Alford,GB,57.2326,-2.703,45.0,50,60,4.0,2021-04-12 17:27:32,broken clouds
582,Taoudenni,ML,22.6783,-3.9836,102.67,7,98,3.15,2021-04-12 17:27:32,overcast clouds
583,Belaya Gora,RU,68.5333,146.4167,-13.04,97,87,6.26,2021-04-12 17:27:33,overcast clouds
584,Pisco,PE,-13.7,-76.2167,75.2,60,0,6.91,2021-04-12 17:26:40,clear sky
585,Ukiah,US,39.1502,-123.2078,66.99,55,1,1.03,2021-04-12 17:27:33,clear sky
586,Kasongo-Lunda,CD,-6.4667,16.8167,72.88,92,84,2.51,2021-04-12 17:27:34,light rain
587,Garowe,SO,8.4054,48.4845,79.32,45,99,19.51,2021-04-12 17:27:34,overcast clouds
588,Malanville,BJ,11.8685,3.3899,105.66,12,3,10.51,2021-04-12 17:27:35,clear sky
589,Abu Kamal,SY,34.4506,40.9171,66.42,25,49,6.64,2021-04-12 17:27:35,scattered clouds
590,Ayutla,MX,20.1167,-104.3333,83.48,14,3,4.74,2021-04-12 17:27:35,clear sky
591,Pangnirtung,CA,66.1451,-65.7125,35.6,100,90,3.74,2021-04-12 17:27:36,light rain
592,Palencia,ES,42.4167,-4.5,55.99,41,47,7.0,2021-04-12 17:27:36,scattered clouds
593,Namatanai,PG,-3.6667,152.4333,76.46,82,100,11.88,2021-04-12 17:27:36,light rain
594,Horta,PT,38.5333,-28.6333,64.4,88,40,14.97,2021-04-12 17:27:37,scattered clouds
595,Mathbaria,BD,22.2876,89.9593,79.0,69,29,7.29,2021-04-12 17:27:37,scattered clouds
596,Coihaique,CL,-45.5752,-72.0662,60.8,55,20,11.5,2021-04-12 17:27:37,few clouds
597,Sinnamary,GF,5.3833,-52.95,81.36,80,40,8.16,2021-04-12 17:27:38,scattered clouds
598,Huicungo,PE,-7.2833,-76.8,82.4,69,40,4.61,2021-04-12 17:23:08,scattered clouds
599,Semenivka,UA,52.1783,32.5818,52.14,84,100,7.02,2021-04-12 17:27:39,overcast clouds
600,Llandrindod Wells,GB,52.2416,-3.3787,46.99,63,84,1.01,2021-04-12 17:27:39,broken clouds
601,San Joaquin,US,37.9333,-121.3011,63.0,51,1,6.91,2021-04-12 17:27:39,clear sky
602,Padang,ID,-0.9492,100.3543,77.88,81,100,2.44,2021-04-12 17:24:20,overcast clouds
603,Ivybridge,GB,50.3904,-3.9191,52.0,57,79,1.99,2021-04-12 17:27:40,broken clouds
604,Eyl,SO,7.9803,49.8164,80.67,67,78,9.64,2021-04-12 17:27:40,broken clouds
605,Tromso,NO,69.6496,18.957,30.99,86,75,9.22,2021-04-12 17:27:41,light snow
606,Kigoma,TZ,-4.8769,29.6267,78.8,78,75,3.87,2021-04-12 17:27:41,moderate rain
607,Pohrebyshche,UA,49.4864,29.2636,53.6,35,0,8.95,2021-04-12 17:27:42,clear sky
608,Najran,SA,17.4924,44.1277,87.8,15,40,11.5,2021-04-12 17:27:42,scattered clouds
609,Henties Bay,NA,-22.116,14.2845,78.98,43,0,8.93,2021-04-12 17:27:43,clear sky
610,Carrara,IT,44.0629,10.0607,55.99,97,93,1.01,2021-04-12 17:27:44,overcast clouds
611,Zhelyabovka,UA,45.3988,34.7578,50.99,86,100,5.66,2021-04-12 17:27:44,overcast clouds
612,Gamba,GA,-2.65,10.0,81.52,79,54,6.13,2021-04-12 17:27:44,light rain
613,Chapada Dos Guimaraes,BR,-15.4606,-55.7497,87.8,62,75,8.05,2021-04-12 17:27:45,broken clouds
614,Srivardhan,IN,18.0333,73.0167,81.32,75,14,1.74,2021-04-12 17:27:45,few clouds
615,Tokur,RU,53.1333,132.9,12.76,94,100,4.32,2021-04-12 17:27:45,light snow
616,Tutoia,BR,-2.7619,-42.2744,89.6,62,20,12.66,2021-04-12 17:27:46,few clouds
617,Kichera,RU,55.9375,110.0997,15.66,90,98,2.24,2021-04-12 17:27:46,overcast clouds
618,Tadine,NC,-21.55,167.8833,76.62,87,100,10.78,2021-04-12 17:27:46,moderate rain
619,Praya,CV,14.9215,-23.5087,86.0,35,0,19.57,2021-04-12 17:24:28,clear sky
620,Nizhniy Kuranakh,RU,58.8353,125.4869,8.6,98,99,2.1,2021-04-12 17:27:47,overcast clouds
621,Mount Gambier,AU,-37.8333,140.7667,53.6,71,100,16.11,2021-04-12 17:27:47,overcast clouds
622,Cap Malheureux,MU,-19.9842,57.6142,73.4,94,75,1.14,2021-04-12 17:27:48,light rain
623,Yeppoon,AU,-23.1333,150.7333,68.0,56,12,4.61,2021-04-12 17:27:48,few clouds
624,Poltavka,RU,54.3663,71.7632,34.9,99,99,7.2,2021-04-12 17:27:48,light rain
625,Hamada,JP,34.8833,132.0833,57.99,52,100,27.58,2021-04-12 17:27:49,light rain
626,San Francisco,US,37.7749,-122.4194,57.0,71,20,4.61,2021-04-12 17:23:21,few clouds
627,Meiganga,CM,6.5167,14.3,82.83,34,84,4.21,2021-04-12 17:27:49,broken clouds
628,Adrar,MR,20.5022,-10.0711,97.38,8,10,3.85,2021-04-12 17:27:50,clear sky
629,Acajutla,SV,13.5928,-89.8275,91.4,43,0,8.05,2021-04-12 17:27:50,clear sky
630,Kismayo,SO,-0.3582,42.5454,83.19,71,11,9.44,2021-04-12 17:27:51,few clouds
631,Kjollefjord,NO,70.9457,27.3465,32.0,74,40,23.02,2021-04-12 17:27:51,light snow
632,San Felipe,VE,10.3399,-68.7425,88.48,51,86,5.97,2021-04-12 17:27:51,overcast clouds
633,Bam,IR,29.106,58.357,77.13,25,78,11.41,2021-04-12 17:27:52,broken clouds
634,Dhamrai,BD,23.9202,90.2109,86.0,58,20,5.75,2021-04-12 17:27:52,haze
635,Harper,LR,4.375,-7.7169,83.75,75,45,8.55,2021-04-12 17:27:52,light rain
636,Cayenne,GF,4.9333,-52.3333,87.8,66,40,11.5,2021-04-12 17:27:53,scattered clouds
637,Mattawa,US,46.7379,-119.9028,41.0,39,77,18.01,2021-04-12 17:27:53,broken clouds
638,Isangel,VU,-19.55,169.2667,77.41,84,79,3.38,2021-04-12 17:27:53,broken clouds
639,Castleblayney,IE,54.1167,-6.7333,46.0,83,95,4.0,2021-04-12 17:27:54,overcast clouds
640,Yangcun,CN,39.3639,117.0603,50.0,27,0,20.13,2021-04-12 17:27:54,clear sky
641,Entre Rios,BR,-11.9419,-38.0844,86.61,48,88,9.01,2021-04-12 17:27:54,overcast clouds
642,Manono,CD,-7.3,27.4167,71.06,94,100,3.47,2021-04-12 17:27:55,overcast clouds
643,Sheridan,US,44.8333,-106.9173,36.0,69,90,20.71,2021-04-12 17:27:55,light snow
644,Mehndawal,IN,26.9753,83.1117,84.81,8,0,7.23,2021-04-12 17:27:56,clear sky
645,Chara,RU,56.9064,118.2631,-0.78,75,41,2.71,2021-04-12 17:27:56,scattered clouds
646,Sindal,DK,57.4712,10.2031,42.8,70,45,19.57,2021-04-12 17:27:57,scattered clouds
647,Evinayong,GQ,1.4368,10.5512,74.89,85,84,3.09,2021-04-12 17:27:57,light rain
648,Bilibino,RU,68.0546,166.4372,-23.69,83,72,4.23,2021-04-12 17:27:58,broken clouds
649,Mineiros,BR,-17.5694,-52.5511,84.58,30,0,3.49,2021-04-12 17:27:58,clear sky
650,Caceres,ES,39.522,-6.3748,66.0,56,82,1.99,2021-04-12 17:27:59,broken clouds
651,Veraval,IN,20.9,70.3667,81.19,62,0,11.68,2021-04-12 17:27:59,clear sky
652,Bonfim,BR,3.0833,-59.95,83.77,63,58,4.34,2021-04-12 17:27:59,broken clouds
653,Tooele,US,40.5308,-112.2983,44.01,52,1,9.22,2021-04-12 17:28:00,clear sky
654,Nhulunbuy,AU,-12.2333,136.7667,77.0,83,74,3.44,2021-04-12 17:28:01,broken clouds
655,Rawlins,US,41.7911,-107.2387,30.2,51,90,8.05,2021-04-12 17:26:26,overcast clouds
656,Danville,US,36.586,-79.395,73.99,31,1,12.66,2021-04-12 17:28:01,clear sky
657,Chamba,IN,32.5667,76.1333,61.9,55,51,10.49,2021-04-12 17:28:01,broken clouds
658,Kloulklubed,PW,7.0419,134.2556,78.8,89,90,4.61,2021-04-12 17:28:02,overcast clouds
659,Charleston,US,32.7766,-79.9309,81.0,22,1,4.61,2021-04-12 17:27:00,clear sky
660,Southbridge,US,42.0751,-72.0334,48.0,83,100,3.0,2021-04-12 17:24:40,overcast clouds
661,Vilyuysk,RU,63.7553,121.6247,-8.1,100,78,2.3,2021-04-12 17:28:03,broken clouds
662,Petropavlovka,RU,50.6114,105.3196,32.18,52,86,4.7,2021-04-12 17:28:03,overcast clouds
663,Victoria Point,AU,-27.5833,153.3,64.0,63,8,1.01,2021-04-12 17:28:03,clear sky
664,Abu Samrah,SY,35.3029,37.1841,50.7,61,100,4.74,2021-04-12 17:28:04,overcast clouds
665,Ibotirama,BR,-12.1853,-43.2206,92.88,32,84,2.17,2021-04-12 17:28:04,broken clouds
666,Oxford,GB,51.7522,-1.256,48.99,40,0,4.61,2021-04-12 17:24:18,clear sky
667,Champerico,GT,14.3,-91.9167,87.8,62,0,6.91,2021-04-12 17:28:05,clear sky
668,Muros,ES,42.7762,-9.0603,66.0,48,0,2.3,2021-04-12 17:28:05,clear sky
669,Makakilo City,US,21.3469,-158.0858,68.0,94,1,6.17,2021-04-12 17:28:05,clear sky
670,Sorland,NO,67.667,12.6934,35.6,64,75,10.29,2021-04-12 17:28:06,broken clouds
671,Anaconda,US,46.1285,-112.9423,26.6,50,90,6.6,2021-04-12 17:28:07,overcast clouds
672,Versmold,DE,52.05,8.15,41.0,70,75,2.3,2021-04-12 17:25:22,broken clouds
673,Sikasso,ML,10.9167,-7.0,105.64,12,9,6.69,2021-04-12 17:28:07,clear sky
674,Kamenka,RU,51.3223,42.7678,57.0,50,71,9.8,2021-04-12 17:28:08,broken clouds
675,Karacakoy,TR,41.4029,28.3834,51.01,66,0,4.61,2021-04-12 17:28:08,clear sky
676,Shishou,CN,29.7226,112.419,60.19,87,86,2.3,2021-04-12 17:28:08,light rain
677,Gorin,RU,51.1983,136.6669,22.14,94,100,10.54,2021-04-12 17:28:09,light snow
678,Poso,ID,-1.3959,120.7524,79.0,79,92,4.32,2021-04-12 17:28:09,overcast clouds
679,Angoche,MZ,-16.2325,39.9086,78.71,79,90,9.44,2021-04-12 17:28:09,overcast clouds
680,Araouane,ML,18.9048,-3.5265,105.3,5,0,6.42,2021-04-12 17:27:33,clear sky
681,Mandan,US,46.8267,-100.8896,33.8,100,90,24.16,2021-04-12 17:28:10,light snow
682,Toppenish,US,46.3774,-120.3087,51.01,35,80,3.29,2021-04-12 17:28:11,broken clouds
683,Sturgeon Falls,CA,46.3646,-79.9326,57.2,51,75,18.41,2021-04-12 17:28:11,broken clouds
684,Praia Da Vitoria,PT,38.7333,-27.0667,64.99,94,40,21.25,2021-04-12 17:28:11,scattered clouds
685,Gat,IL,31.61,34.7642,60.01,57,0,7.96,2021-04-12 17:28:12,clear sky
686,Semnan,IR,35.5729,53.3971,69.6,28,45,4.41,2021-04-12 17:24:21,scattered clouds
687,Bac Lieu,VN,9.285,105.7244,81.95,79,53,10.87,2021-04-12 17:28:13,broken clouds
688,Darhan,MN,49.4867,105.9228,31.91,51,78,2.98,2021-04-12 17:28:13,broken clouds
689,Adamas,GR,36.7333,24.4333,57.2,44,2,4.61,2021-04-12 17:28:14,clear sky
690,Lyubim,RU,58.3625,40.6843,46.51,91,96,8.32,2021-04-12 17:28:15,overcast clouds
691,Wencheng,CN,33.0559,113.7978,60.35,75,100,5.86,2021-04-12 17:28:15,overcast clouds
692,Agirish,RU,61.9247,63.0231,34.61,83,34,10.25,2021-04-12 17:28:15,scattered clouds
693,Orange,US,33.7,-117.7675,63.0,72,90,4.61,2021-04-12 17:28:16,overcast clouds
694,Santo Domingo,DO,18.5001,-69.9886,86.0,62,75,11.5,2021-04-12 17:26:02,broken clouds
695,Puerto Carreno,CO,6.189,-67.4859,83.23,64,100,10.36,2021-04-12 17:28:16,overcast clouds
696,Sur,OM,22.5667,59.5289,83.77,57,32,5.55,2021-04-12 17:28:17,scattered clouds
697,Callaway,US,30.153,-85.5699,82.0,33,40,4.5,2021-04-12 17:28:17,scattered clouds
698,Mandera,KE,3.9366,41.867,89.01,44,99,11.34,2021-04-12 17:28:17,overcast clouds
