City_ID,City,Country,Lat,Lng,Max Temp,Humidity,Cloudiness,Wind Speed,Date,Current Description
0,Barrow,US,71.2906,-156.7887,-11.2,70,20,13.8,2021-04-12 18:01:02,few clouds
1,Busselton,AU,-33.65,115.3333,51.01,85,96,1.01,2021-04-12 18:01:03,overcast clouds
2,Puerto Baquerizo Moreno,EC,-0.9,-89.6,84.2,70,20,5.75,2021-04-12 18:01:03,few clouds
3,Port Alfred,ZA,-33.5906,26.891,71.2,92,96,12.8,2021-04-12 18:01:03,overcast clouds
4,Hay River,CA,60.8156,-115.7999,19.4,45,29,16.11,2021-04-12 18:01:04,scattered clouds
5,Hobart,AU,-42.8794,147.3294,46.99,93,34,5.75,2021-04-12 17:58:02,scattered clouds
6,Rikitea,PF,-23.1203,-134.9692,78.26,70,13,10.36,2021-04-12 18:01:05,few clouds
7,Tilichiki,RU,60.4667,166.1,-11.63,94,27,8.39,2021-04-12 18:01:05,scattered clouds
8,Moerai,PF,-22.4333,-151.3333,79.45,79,96,15.52,2021-04-12 18:01:05,moderate rain
9,Kavieng,PG,-2.5744,150.7967,78.3,81,100,12.64,2021-04-12 18:01:06,light rain
10,Hermanus,ZA,-34.4187,19.2345,64.99,87,100,1.01,2021-04-12 18:01:06,overcast clouds
11,Erbaa,TR,40.6689,36.5675,48.2,81,75,5.75,2021-04-12 18:01:07,broken clouds
12,Mar Del Plata,AR,-38.0023,-57.5575,75.2,46,0,11.5,2021-04-12 17:56:10,clear sky
13,Karratha,AU,-20.7377,116.8463,82.38,74,51,9.19,2021-04-12 18:01:07,broken clouds
14,Ushuaia,AR,-54.8,-68.3,50.0,40,40,8.05,2021-04-12 18:00:55,scattered clouds
15,Kanye,BW,-24.9667,25.3327,69.53,30,0,4.41,2021-04-12 18:01:08,clear sky
16,Ribeira Grande,PT,38.5167,-28.7,64.4,88,40,13.8,2021-04-12 18:01:08,scattered clouds
17,Chegdomyn,RU,51.1167,133.0167,21.56,95,100,3.51,2021-04-12 18:01:09,snow
18,Kodiak,US,57.79,-152.4072,35.6,93,1,5.88,2021-04-12 18:01:09,clear sky
19,Chernyshevskiy,RU,63.0128,112.4714,2.55,94,97,4.18,2021-04-12 18:01:09,overcast clouds
20,Katsuura,JP,35.1333,140.3,57.2,77,75,3.44,2021-04-12 18:01:10,broken clouds
21,Rognan,NO,67.0953,15.3878,36.0,60,20,8.05,2021-04-12 18:01:11,few clouds
22,Yellowknife,CA,62.456,-114.3525,12.0,85,40,14.97,2021-04-12 18:01:11,scattered clouds
23,Lebu,CL,-37.6167,-73.65,62.89,73,0,16.08,2021-04-12 18:01:11,clear sky
24,Codajas,BR,-3.8367,-62.0569,89.04,54,83,3.65,2021-04-12 18:01:12,broken clouds
25,Hobyo,SO,5.3505,48.5268,82.33,61,100,10.89,2021-04-12 18:01:13,overcast clouds
26,Pacific Grove,US,36.6177,-121.9166,53.6,76,75,6.91,2021-04-12 18:01:13,broken clouds
27,Punta Arenas,CL,-53.15,-70.9167,50.0,53,40,28.77,2021-04-12 18:01:13,scattered clouds
28,Kapaa,US,22.0752,-159.319,66.0,82,1,6.91,2021-04-12 18:01:14,clear sky
29,Nouadhibou,MR,20.931,-17.0347,78.8,44,11,17.27,2021-04-12 18:01:14,few clouds
30,Faanui,PF,-16.4833,-151.75,82.04,73,100,12.75,2021-04-12 18:01:14,overcast clouds
31,Beloha,MG,-25.1667,45.05,72.77,80,8,13.24,2021-04-12 18:01:15,clear sky
32,Sungairaya,ID,0.7,108.9,78.08,82,65,2.04,2021-04-12 18:01:15,broken clouds
33,Saskylakh,RU,71.9167,114.0833,15.4,92,82,10.94,2021-04-12 18:01:15,broken clouds
34,Oistins,BB,13.0667,-59.5333,82.4,61,75,18.41,2021-04-12 17:56:25,volcanic ash
35,Magdagachi,RU,53.45,125.8,8.85,89,49,5.5,2021-04-12 18:01:16,scattered clouds
36,Lima,PE,-12.0432,-77.0282,73.4,64,0,6.91,2021-04-12 17:59:47,clear sky
37,Norman Wells,CA,65.282,-126.8329,10.4,56,75,9.22,2021-04-12 18:01:17,broken clouds
38,Yerbogachen,RU,61.2767,108.0108,19.24,97,98,5.39,2021-04-12 18:01:17,overcast clouds
39,Nikolskoye,RU,59.7035,30.7861,59.0,33,0,8.95,2021-04-12 18:01:18,clear sky
40,Butaritari,KI,3.0707,172.7902,82.17,76,96,14.32,2021-04-12 18:01:18,light rain
41,San Patricio,US,28.017,-97.5169,87.8,55,75,13.8,2021-04-12 18:01:18,broken clouds
42,Avarua,CK,-21.2078,-159.775,71.6,94,71,1.14,2021-04-12 18:01:19,light rain
43,Fortuna,US,40.5982,-124.1573,55.0,82,1,8.05,2021-04-12 18:01:19,clear sky
44,Lazaro Cardenas,MX,17.9583,-102.2,82.13,57,1,9.51,2021-04-12 18:00:02,clear sky
45,Mahebourg,MU,-20.4081,57.7,73.4,94,75,1.14,2021-04-12 18:01:21,light rain
46,Atuona,PF,-9.8,-139.0333,79.56,79,50,16.35,2021-04-12 18:00:54,light rain
47,Kushikino,JP,31.7167,130.2667,60.01,93,100,11.01,2021-04-12 18:01:21,overcast clouds
48,Namibe,AO,-15.1961,12.1522,80.83,68,1,5.75,2021-04-12 18:01:21,clear sky
49,Bilibino,RU,68.0546,166.4372,-22.83,83,72,4.27,2021-04-12 18:01:22,broken clouds
50,Waipawa,NZ,-41.4122,175.5153,66.2,82,75,24.16,2021-04-12 18:01:22,broken clouds
51,Alexandria,EG,31.2156,29.9553,60.8,55,40,9.22,2021-04-12 17:59:35,scattered clouds
52,Cape Town,ZA,-33.9258,18.4232,66.99,88,40,12.66,2021-04-12 17:56:37,scattered clouds
53,Qaanaaq,GL,77.484,-69.3632,7.05,81,75,3.87,2021-04-12 18:01:23,broken clouds
54,Acari,PE,-15.4311,-74.6158,81.59,55,39,10.0,2021-04-12 18:01:23,scattered clouds
55,Port Hardy,CA,50.6996,-127.4199,42.8,81,20,6.91,2021-04-12 18:01:24,few clouds
56,Sur,OM,22.5667,59.5289,83.5,57,27,6.38,2021-04-12 18:01:24,scattered clouds
57,Ilulissat,GL,69.2167,-51.1,32.0,93,75,11.5,2021-04-12 18:01:24,snow
58,Bonthe,SL,7.5264,-12.505,84.34,74,43,13.02,2021-04-12 18:01:25,scattered clouds
59,Turkistan,KZ,43.0,68.0,52.21,50,24,3.24,2021-04-12 18:01:25,light rain
60,Thompson,CA,55.7435,-97.8558,21.2,53,90,18.41,2021-04-12 17:57:24,overcast clouds
61,Pho Chai,TH,16.3283,103.7703,88.0,99,17,4.21,2021-04-12 18:01:26,few clouds
62,Santa Lucia,ES,27.9117,-15.5407,72.0,73,20,20.71,2021-04-12 18:01:26,few clouds
63,Hilo,US,19.7297,-155.09,66.99,68,1,5.75,2021-04-12 18:00:21,clear sky
64,Bluff,NZ,-46.6,168.3333,50.0,95,99,1.99,2021-04-12 18:01:27,light rain
65,Carnarvon,AU,-24.8667,113.6333,74.86,72,83,22.68,2021-04-12 18:01:27,broken clouds
66,Mount Gambier,AU,-37.8333,140.7667,53.6,71,100,16.11,2021-04-12 18:01:27,overcast clouds
67,Tuktoyaktuk,CA,69.4541,-133.0374,-5.8,65,75,4.61,2021-04-12 17:58:37,broken clouds
68,Albany,US,42.6001,-73.9662,53.01,65,100,3.89,2021-04-12 18:00:12,overcast clouds
69,Ballina,AU,-28.8667,153.5667,51.8,93,34,2.3,2021-04-12 18:01:28,scattered clouds
70,Hokitika,NZ,-42.7167,170.9667,56.21,89,94,8.93,2021-04-12 18:01:29,overcast clouds
71,Fremont,US,37.5483,-121.9886,64.0,100,20,5.75,2021-04-12 17:59:07,few clouds
72,Hualmay,PE,-11.0964,-77.6139,73.6,72,67,7.96,2021-04-12 18:01:14,broken clouds
73,Batemans Bay,AU,-35.7167,150.1833,51.01,79,0,3.0,2021-04-12 18:01:29,clear sky
74,Jamestown,US,42.097,-79.2353,61.0,76,90,5.75,2021-04-12 17:58:30,overcast clouds
75,Maple Creek,CA,49.9168,-109.4848,35.6,55,99,14.97,2021-04-12 18:01:30,overcast clouds
76,Namatanai,PG,-3.6667,152.4333,76.41,82,100,11.14,2021-04-12 18:01:31,light rain
77,Abu Samrah,SY,35.3029,37.1841,49.15,65,97,6.58,2021-04-12 18:01:31,overcast clouds
78,Qarayeri,AZ,40.7886,46.3066,62.6,72,40,25.32,2021-04-12 18:01:31,scattered clouds
79,Sao Filipe,CV,14.8961,-24.4956,76.84,65,36,5.19,2021-04-12 18:01:32,scattered clouds
80,Okha,RU,53.5739,142.9478,20.66,82,100,6.42,2021-04-12 18:01:32,overcast clouds
81,Keetmanshoop,NA,-26.5833,18.1333,86.0,20,0,6.91,2021-04-12 18:01:33,clear sky
82,Puerto Del Rosario,ES,28.5004,-13.8627,69.8,78,20,13.8,2021-04-12 18:01:33,few clouds
83,Baghdad,IQ,33.3406,44.4009,69.8,26,0,4.61,2021-04-12 17:57:39,clear sky
84,Dukat,RU,62.55,155.55,-23.28,100,100,4.05,2021-04-12 18:01:33,overcast clouds
85,Khatanga,RU,71.9667,102.5,23.05,94,100,9.44,2021-04-12 18:01:34,overcast clouds
86,Alta Floresta,BR,-9.8756,-56.0861,91.4,52,40,4.61,2021-04-12 18:00:36,scattered clouds
87,Nadym,RU,65.5333,72.5167,30.45,80,91,27.67,2021-04-12 18:01:35,overcast clouds
88,Sistranda,NO,63.7256,8.834,39.2,65,75,13.8,2021-04-12 18:01:35,broken clouds
89,Bredasdorp,ZA,-34.5322,20.0403,66.2,82,96,8.05,2021-04-12 18:01:36,overcast clouds
90,Ramygala,LT,55.5167,24.3,55.4,41,0,4.61,2021-04-12 18:01:36,light rain
91,Cap Malheureux,MU,-19.9842,57.6142,73.4,94,75,1.14,2021-04-12 18:01:36,light rain
92,Cayenne,GF,4.9333,-52.3333,89.6,62,20,12.66,2021-04-12 18:01:37,few clouds
93,Lorengau,PG,-2.0226,147.2712,77.47,82,100,1.59,2021-04-12 18:01:37,overcast clouds
94,Necochea,AR,-38.5473,-58.7368,79.0,46,0,3.0,2021-04-12 18:01:38,clear sky
95,Saint-Philippe,RE,-21.3585,55.7679,78.8,78,100,5.75,2021-04-12 18:01:38,light rain
96,Whitehorse,CA,60.7161,-135.0538,32.0,69,75,20.71,2021-04-12 18:01:38,snow
97,Borogontsy,RU,62.6683,131.1683,-7.01,100,76,1.61,2021-04-12 18:01:39,broken clouds
98,Teya,RU,60.3778,92.6267,32.83,96,100,7.54,2021-04-12 18:01:39,light snow
99,Richards Bay,ZA,-28.783,32.0377,72.79,90,17,0.69,2021-04-12 18:01:40,few clouds
100,Haines Junction,CA,60.7522,-137.5108,37.4,44,80,14.97,2021-04-12 18:01:40,broken clouds
101,Los Llanos De Aridane,ES,28.6585,-17.9182,73.4,68,0,5.75,2021-04-12 18:01:40,clear sky
102,Eganville,CA,45.5334,-77.0994,60.8,44,20,9.22,2021-04-12 18:01:41,few clouds
103,Chokurdakh,RU,70.6333,147.9167,0.01,85,100,12.53,2021-04-12 18:01:41,overcast clouds
104,Chuy,UY,-33.6971,-53.4616,69.96,51,0,5.97,2021-04-12 18:01:42,clear sky
105,Gizo,SB,-8.103,156.8419,81.19,75,48,4.25,2021-04-12 18:01:42,scattered clouds
106,Koslan,RU,63.4564,48.8989,40.59,72,74,9.44,2021-04-12 18:01:43,broken clouds
107,Souillac,MU,-20.5167,57.5167,73.4,94,75,1.14,2021-04-12 18:01:43,light rain
108,Prince Rupert,CA,54.3161,-130.3201,39.2,65,1,1.61,2021-04-12 18:01:06,clear sky
109,Vaini,TO,-21.2,-175.2,71.6,88,20,5.75,2021-04-12 18:01:44,few clouds
110,Bandarbeyla,SO,9.4942,50.8122,80.22,69,70,9.13,2021-04-12 18:01:44,broken clouds
111,Utrecht,NL,52.0,5.25,43.0,74,62,5.01,2021-04-12 18:00:46,broken clouds
112,Puerto Cabezas,NI,14.0351,-83.3888,86.0,79,75,4.61,2021-04-12 18:01:45,broken clouds
113,Road Town,VG,18.4167,-64.6167,82.4,54,0,6.91,2021-04-12 17:58:08,clear sky
114,Ponta Do Sol,PT,32.6667,-17.1,68.0,88,40,13.8,2021-04-12 18:01:45,scattered clouds
115,Vila Franca Do Campo,PT,37.7167,-25.4333,62.6,94,20,16.11,2021-04-12 18:01:46,few clouds
116,Muromtsevo,RU,56.3724,75.2418,35.71,98,100,6.96,2021-04-12 18:01:47,overcast clouds
117,Port-Gentil,GA,-0.7193,8.7815,84.2,74,20,9.22,2021-04-12 18:01:47,few clouds
118,Arraial Do Cabo,BR,-22.9661,-42.0278,93.2,29,0,12.66,2021-04-12 18:01:47,clear sky
119,Pevek,RU,69.7008,170.3133,-24.68,99,100,5.97,2021-04-12 18:01:48,overcast clouds
120,Hithadhoo,MV,-0.6,73.0833,83.8,69,73,9.8,2021-04-12 18:01:48,broken clouds
121,Narsaq,GL,60.9167,-46.05,44.6,36,20,6.91,2021-04-12 18:01:48,few clouds
122,Iqaluit,CA,63.7506,-68.5145,35.6,87,75,10.36,2021-04-12 18:01:49,broken clouds
123,Hambantota,LK,6.1241,81.1185,79.72,77,51,0.49,2021-04-12 18:01:49,broken clouds
124,New Norfolk,AU,-42.7826,147.0587,46.99,88,46,2.77,2021-04-12 18:01:50,scattered clouds
125,Kampot,KH,10.6167,104.1833,78.8,89,20,1.14,2021-04-12 18:01:50,few clouds
126,Huilong,CN,31.8111,121.655,61.0,96,37,7.38,2021-04-12 18:01:51,scattered clouds
127,Valdivia,CL,-39.8142,-73.2459,68.0,68,75,2.3,2021-04-12 18:01:51,broken clouds
128,Te Anau,NZ,-45.4167,167.7167,47.19,91,100,1.43,2021-04-12 18:01:51,light rain
129,Clyde River,CA,70.4692,-68.5914,23.0,93,90,17.27,2021-04-12 18:01:52,overcast clouds
130,Georgiyevskoye,RU,58.731,45.024,39.43,96,69,5.35,2021-04-12 18:01:52,broken clouds
131,Santo Antonio Do Ica,BR,-3.1022,-67.9397,86.02,60,99,3.96,2021-04-12 18:01:53,overcast clouds
132,Mataura,NZ,-46.1927,168.8643,50.0,95,99,1.99,2021-04-12 18:01:53,light rain
133,Vientiane,LA,17.9667,102.6,91.0,77,60,2.59,2021-04-12 17:59:54,broken clouds
134,Monrovia,LR,6.3005,-10.7969,89.6,66,40,8.05,2021-04-12 18:01:54,scattered clouds
135,Ixtapa,MX,20.7,-105.2,78.8,69,1,10.36,2021-04-12 18:01:54,clear sky
136,Zhicheng,CN,30.2956,111.5047,61.0,90,98,0.92,2021-04-12 18:01:55,light rain
137,Kathu,TH,7.9178,98.3332,87.01,88,20,1.14,2021-04-12 18:01:55,few clouds
138,Puerto Ayora,EC,-0.7393,-90.3518,77.0,88,75,6.91,2021-04-12 18:01:55,light rain
139,Port Blair,IN,11.6667,92.75,82.56,75,64,3.58,2021-04-12 18:01:56,broken clouds
140,Tautira,PF,-17.7333,-149.15,82.4,65,75,6.91,2021-04-12 18:01:56,light rain
141,Sakakah,SA,29.9697,40.2064,69.8,19,0,17.27,2021-04-12 18:01:57,clear sky
142,Lesnoy,RU,57.6198,63.0784,37.63,86,1,5.14,2021-04-12 18:01:57,clear sky
143,Burriana,ES,39.889,-0.085,57.99,71,27,7.94,2021-04-12 18:01:57,scattered clouds
144,Provideniya,RU,64.3833,-173.3,13.44,91,100,16.46,2021-04-12 18:01:58,light snow
145,Lokosovo,RU,61.1333,74.8167,32.11,87,9,10.42,2021-04-12 18:01:58,clear sky
146,Shakhtinsk,KZ,49.71,72.5872,33.8,75,0,6.71,2021-04-12 18:01:59,clear sky
147,Larsnes,NO,62.2028,5.5773,39.2,52,75,6.91,2021-04-12 18:01:59,broken clouds
148,Tasiilaq,GL,65.6145,-37.6368,30.2,69,11,5.75,2021-04-12 18:02:00,few clouds
149,Ahipara,NZ,-35.1667,173.1667,63.61,94,20,6.4,2021-04-12 18:02:00,few clouds
150,Eureka,US,40.8021,-124.1637,55.0,87,75,5.75,2021-04-12 17:58:07,haze
151,Dubbo,AU,-32.25,148.6167,37.4,93,0,4.61,2021-04-12 18:02:01,clear sky
152,Kandalaksha,RU,67.162,32.4123,35.01,100,100,2.51,2021-04-12 18:02:01,light snow
153,Pierre,US,44.3683,-100.351,51.01,42,90,35.68,2021-04-12 18:02:02,overcast clouds
154,Upernavik,GL,72.7868,-56.1549,30.94,96,100,13.58,2021-04-12 18:02:02,light snow
155,Zambrow,PL,52.9855,22.2432,57.0,71,100,11.99,2021-04-12 17:59:35,overcast clouds
156,Beringovskiy,RU,63.05,179.3167,7.79,91,100,26.37,2021-04-12 18:02:03,light snow
157,Lubao,PH,14.9167,120.55,78.8,83,40,2.3,2021-04-12 18:02:03,scattered clouds
158,Sire,NG,12.9299,5.2043,93.96,11,0,4.56,2021-04-12 18:02:03,clear sky
159,Foumban,CM,5.7291,10.9001,73.85,59,93,1.9,2021-04-12 18:02:04,overcast clouds
160,Zhuanghe,CN,39.7008,122.9911,43.0,63,83,8.01,2021-04-12 18:02:04,broken clouds
161,Rubiataba,BR,-15.1644,-49.8033,79.0,73,75,0.96,2021-04-12 18:02:04,broken clouds
162,Redwater,US,33.3582,-94.2544,82.4,24,1,8.05,2021-04-12 18:02:05,clear sky
163,Liwale,TZ,-9.7667,37.9333,69.53,99,100,5.03,2021-04-12 18:02:05,heavy intensity rain
164,Stupino,RU,54.9008,38.0708,51.8,43,0,11.18,2021-04-12 18:01:57,clear sky
165,Rio Gallegos,AR,-51.6226,-69.2181,59.0,25,0,23.02,2021-04-12 18:02:05,clear sky
166,Guanare,VE,9.0418,-69.7421,82.36,68,96,8.63,2021-04-12 18:02:06,overcast clouds
167,Bela Vista,BR,-22.1089,-56.5211,87.49,49,84,4.16,2021-04-12 18:02:06,broken clouds
168,Ryde,GB,50.73,-1.1621,48.0,100,97,1.01,2021-04-12 18:02:07,overcast clouds
169,Port Elizabeth,ZA,-33.918,25.5701,69.8,94,0,12.66,2021-04-12 18:00:49,clear sky
170,Severo-Kurilsk,RU,50.6789,156.125,32.5,96,100,3.8,2021-04-12 18:02:07,light snow
171,Torbay,CA,47.6666,-52.7314,37.0,100,90,14.97,2021-04-12 18:02:08,light rain
172,Ewa Beach,US,21.3156,-158.0072,73.99,94,1,7.31,2021-04-12 18:00:50,clear sky
173,Roald,NO,62.5833,6.1333,37.4,75,75,19.57,2021-04-12 18:02:08,broken clouds
174,Kabanjahe,ID,3.1001,98.4908,63.39,96,40,1.59,2021-04-12 18:02:09,scattered clouds
175,Arlit,NE,18.7369,7.3853,93.2,5,0,5.14,2021-04-12 18:02:09,clear sky
176,Dikson,RU,73.5069,80.5464,25.83,92,100,18.12,2021-04-12 18:02:10,light snow
177,Mutis,CO,6.2262,-77.4044,81.61,83,95,7.36,2021-04-12 18:02:10,light rain
178,Biak,ID,-0.9131,122.8766,75.43,83,30,2.08,2021-04-12 18:02:11,scattered clouds
179,Victoria,HK,22.2855,114.1577,75.0,85,44,4.56,2021-04-12 18:00:03,scattered clouds
180,East London,ZA,-33.0153,27.9116,73.4,94,40,8.05,2021-04-12 18:02:11,scattered clouds
181,Hue,VN,16.4667,107.6,77.0,88,20,3.44,2021-04-12 18:02:11,few clouds
182,Kiliya,UA,45.4552,29.2637,57.2,38,75,6.91,2021-04-12 18:02:12,broken clouds
183,Neuquen,AR,-38.9516,-68.0591,80.6,34,0,10.36,2021-04-12 18:02:13,clear sky
184,Tomatlan,MX,19.9333,-105.25,89.35,33,5,10.02,2021-04-12 18:02:13,clear sky
185,La Seyne-Sur-Mer,FR,43.0982,5.8847,55.0,44,1,8.99,2021-04-12 18:02:13,clear sky
186,Nome,US,64.5011,-165.4064,30.99,93,90,16.11,2021-04-12 18:02:14,light snow
187,Port Lincoln,AU,-34.7333,135.8667,68.27,33,100,25.97,2021-04-12 18:02:14,overcast clouds
188,Saint George,US,37.1041,-113.5841,70.0,15,1,2.28,2021-04-12 18:00:04,clear sky
189,Fort William,GB,56.8165,-5.1121,45.0,63,3,1.99,2021-04-12 18:02:14,clear sky
190,Puerto Princesa,PH,9.7392,118.7353,77.77,86,68,3.06,2021-04-12 18:02:15,broken clouds
191,Cherskiy,RU,68.75,161.3,-28.07,100,30,3.83,2021-04-12 18:02:15,scattered clouds
192,Kedrovyy,RU,56.1667,91.8167,37.4,87,75,13.42,2021-04-12 18:02:16,snow
193,Zhigansk,RU,66.7697,123.3711,4.06,94,100,9.01,2021-04-12 18:02:16,overcast clouds
194,Henties Bay,NA,-22.116,14.2845,77.7,46,0,9.84,2021-04-12 18:02:17,clear sky
195,Srednekolymsk,RU,67.45,153.6833,-27.99,100,44,3.0,2021-04-12 18:02:17,scattered clouds
196,Gallup,US,35.5281,-108.7426,66.2,10,1,9.22,2021-04-12 18:02:17,clear sky
197,Esperance,AU,-33.8667,121.9,57.2,77,75,17.27,2021-04-12 18:02:18,broken clouds
198,Canto Do Buriti,BR,-8.11,-42.9444,91.17,37,52,6.4,2021-04-12 18:02:18,broken clouds
199,Tessalit,ML,20.1986,1.0114,97.18,7,1,11.9,2021-04-12 18:02:18,clear sky
200,Arica,CL,-18.475,-70.3042,71.6,64,0,13.8,2021-04-12 17:57:59,clear sky
201,Lumding,IN,25.7535,93.1732,75.78,47,17,2.71,2021-04-12 18:02:19,few clouds
202,Skjervoy,NO,70.0311,20.9714,33.8,60,75,4.61,2021-04-12 18:02:20,broken clouds
203,Bayshore Gardens,US,27.4253,-82.5904,82.0,57,1,12.66,2021-04-12 18:02:20,clear sky
204,Longyearbyen,SJ,78.2186,15.6401,14.0,57,20,4.61,2021-04-12 18:02:21,few clouds
205,Sola,VU,-13.8833,167.55,81.86,74,97,13.18,2021-04-12 18:02:21,overcast clouds
206,Edosaki,JP,35.95,140.3167,59.0,87,75,1.14,2021-04-12 18:02:22,broken clouds
207,Oussouye,SN,12.485,-16.5469,102.2,65,0,6.91,2021-04-12 18:02:22,clear sky
208,Coquimbo,CL,-29.9533,-71.3436,62.6,72,20,14.97,2021-04-12 18:02:22,few clouds
209,Porbandar,IN,21.6422,69.6093,81.34,59,0,11.81,2021-04-12 18:02:23,clear sky
210,Tuatapere,NZ,-46.1333,167.6833,50.0,95,100,1.99,2021-04-12 18:02:23,overcast clouds
211,Half Moon Bay,US,37.4636,-122.4286,64.0,72,40,5.75,2021-04-12 18:02:23,scattered clouds
212,Bengkulu,ID,-3.8004,102.2655,76.26,88,92,3.74,2021-04-12 18:02:24,light rain
213,Buala,SB,-8.145,159.5921,79.5,81,91,5.53,2021-04-12 18:02:24,overcast clouds
214,Kurilsk,RU,45.2333,147.8833,37.26,91,92,11.05,2021-04-12 18:02:25,overcast clouds
215,Batagay-Alyta,RU,67.8006,130.4114,-8.54,85,95,5.5,2021-04-12 18:02:25,overcast clouds
216,Bonavista,CA,48.6499,-53.1147,37.0,100,100,8.05,2021-04-12 18:02:26,moderate rain
217,Rafraf,TN,37.1904,10.1837,64.4,68,40,12.66,2021-04-12 18:02:26,scattered clouds
218,Saint-Augustin,CA,51.226,-58.6502,47.25,69,8,22.44,2021-04-12 18:02:27,clear sky
219,Hami,CN,42.8,93.45,52.11,28,14,3.91,2021-04-12 18:02:27,few clouds
220,Santiago Tuxtla,MX,18.4667,-95.3,98.1,23,2,12.19,2021-04-12 18:02:27,clear sky
221,Umm Kaddadah,SD,13.6017,26.6876,78.37,5,21,12.95,2021-04-12 18:02:28,few clouds
222,Assiniboia,CA,49.6334,-105.9845,26.6,74,100,21.85,2021-04-12 18:02:28,light snow
223,Qaqortoq,GL,60.7167,-46.0333,44.6,36,20,6.91,2021-04-12 18:02:28,few clouds
224,Strezhevoy,RU,60.7333,77.5889,33.8,69,0,4.47,2021-04-12 18:02:29,clear sky
225,Alofi,NU,-19.0595,-169.9187,71.6,100,18,6.91,2021-04-12 18:01:06,few clouds
226,Luwuk,ID,-0.9516,122.7875,76.57,85,24,2.42,2021-04-12 18:02:29,few clouds
227,Kalemie,CD,-5.9475,29.1947,72.52,82,49,1.86,2021-04-12 17:59:01,scattered clouds
228,Port Macquarie,AU,-31.4333,152.9167,50.0,75,13,5.01,2021-04-12 18:02:30,few clouds
229,Hofn,IS,64.2539,-15.2082,42.8,61,20,5.75,2021-04-12 18:02:30,few clouds
230,Seymchan,RU,62.8833,152.4333,-25.31,99,82,2.08,2021-04-12 18:02:31,broken clouds
231,Nabire,ID,-3.3667,135.4833,76.53,88,97,5.32,2021-04-12 18:02:31,overcast clouds
232,Saldanha,ZA,-33.0117,17.9442,73.4,49,100,9.22,2021-04-12 18:02:31,overcast clouds
233,Winnemucca,US,40.973,-117.7357,46.4,23,1,11.5,2021-04-12 17:58:44,clear sky
234,Havoysund,NO,70.9963,24.6622,30.2,86,75,17.27,2021-04-12 18:02:32,light snow
235,Christchurch,NZ,-43.5333,172.6333,57.2,62,20,2.3,2021-04-12 18:02:33,few clouds
236,Bambous Virieux,MU,-20.3428,57.7575,73.4,94,75,1.14,2021-04-12 18:02:33,light rain
237,Bethel,US,41.3712,-73.414,51.8,58,90,6.91,2021-04-12 18:02:33,overcast clouds
238,Batagay,RU,67.6333,134.6333,-9.58,99,89,4.27,2021-04-12 18:02:34,overcast clouds
239,Dongying,CN,37.4564,118.4856,51.01,70,98,13.76,2021-04-12 18:02:35,overcast clouds
240,Mandalgovi,MN,45.7625,106.2708,27.52,26,38,9.37,2021-04-12 18:02:35,scattered clouds
241,Kokkola,FI,63.8385,23.1307,37.4,93,75,6.91,2021-04-12 18:02:35,light rain
242,Ust-Nera,RU,64.5667,143.2,-17.48,91,16,2.19,2021-04-12 18:02:36,few clouds
243,Kaitangata,NZ,-46.2817,169.8464,50.58,97,72,4.56,2021-04-12 18:02:36,broken clouds
244,Paita,PE,-5.0892,-81.1144,86.0,62,0,13.8,2021-04-12 18:02:37,clear sky
245,Yaan,NG,7.3833,8.5667,93.11,33,56,4.54,2021-04-12 18:02:37,broken clouds
246,Keelung,TW,25.1283,121.7419,75.0,88,0,1.14,2021-04-12 18:02:37,clear sky
247,Brae,GB,60.3964,-1.353,41.0,65,20,16.11,2021-04-12 18:02:38,few clouds
248,Yar-Sale,RU,66.8333,70.8333,29.75,78,58,20.96,2021-04-12 18:02:38,broken clouds
249,Kandrian,PG,-6.2167,149.55,77.99,80,100,6.8,2021-04-12 18:02:38,overcast clouds
250,Calvinia,ZA,-31.4707,19.776,79.21,24,46,5.5,2021-04-12 18:02:39,scattered clouds
251,Fukue,JP,32.6881,128.8419,65.55,94,100,23.17,2021-04-12 18:02:39,overcast clouds
252,Sibolga,ID,1.7427,98.7792,76.24,89,100,1.9,2021-04-12 18:02:39,overcast clouds
253,Isangel,VU,-19.55,169.2667,77.41,84,82,3.47,2021-04-12 18:02:40,broken clouds
254,San Roque,ES,36.2107,-5.3842,62.6,82,75,18.41,2021-04-12 18:02:40,broken clouds
255,Wenling,CN,28.3669,121.36,66.0,100,100,1.99,2021-04-12 18:02:08,light rain
256,Klaksvik,FO,62.2266,-6.589,37.4,56,42,3.44,2021-04-12 18:02:41,scattered clouds
257,Sitka,US,57.0531,-135.33,37.4,87,90,11.5,2021-04-12 18:02:41,light rain
258,Havre,FR,49.5833,0.3333,42.8,87,90,11.5,2021-04-12 18:02:41,overcast clouds
259,Cockburn Town,TC,21.4612,-71.1419,77.02,67,6,14.29,2021-04-12 17:59:04,clear sky
260,Castro,BR,-24.7911,-50.0119,75.16,70,22,5.1,2021-04-12 17:58:19,few clouds
261,Dabola,GN,10.75,-11.1167,101.05,17,48,6.98,2021-04-12 18:02:42,scattered clouds
262,Nuuk,GL,64.1835,-51.7216,39.2,60,20,2.3,2021-04-12 17:59:58,few clouds
263,Concarneau,FR,47.875,-3.9225,51.8,54,0,10.36,2021-04-12 18:02:43,clear sky
264,Wadi Musa,JO,30.3222,35.4793,47.53,58,0,8.66,2021-04-12 18:02:44,clear sky
265,Mayo,US,38.8876,-76.5119,55.99,82,90,6.91,2021-04-12 18:02:44,overcast clouds
266,Galesong,ID,-5.3166,119.3661,73.4,100,20,1.14,2021-04-12 18:02:44,few clouds
267,Mackay,AU,-21.15,149.2,69.8,94,75,8.05,2021-04-12 18:02:45,broken clouds
268,Pasni,PK,25.2631,63.471,79.29,77,0,10.83,2021-04-12 17:59:01,clear sky
269,Ormara,PK,25.2088,64.6357,80.17,72,0,13.51,2021-04-12 18:02:45,clear sky
270,Sibu,MY,2.3,111.8167,73.4,100,40,4.61,2021-04-12 18:02:46,scattered clouds
271,Turayf,SA,31.6725,38.6637,60.8,33,0,9.22,2021-04-12 18:02:46,clear sky
272,Lavrentiya,RU,65.5833,-171.0,6.53,92,100,14.88,2021-04-12 18:02:46,light snow
273,Georgetown,MY,5.4112,100.3354,80.6,89,20,3.44,2021-04-12 17:59:40,few clouds
274,Jinxiang,CN,27.4327,120.6062,65.03,98,94,2.64,2021-04-12 18:02:47,light rain
275,Coihaique,CL,-45.5752,-72.0662,60.8,55,20,11.5,2021-04-12 18:02:48,few clouds
276,Argos,GR,37.6333,22.7333,59.0,52,11,1.99,2021-04-12 18:02:48,few clouds
277,Lakes Entrance,AU,-37.8811,147.981,45.0,95,5,5.39,2021-04-12 18:02:48,clear sky
278,Santarem,BR,-2.4431,-54.7083,86.0,74,20,10.36,2021-04-12 18:02:49,few clouds
279,Ullapool,GB,57.8987,-5.1604,43.0,60,12,1.01,2021-04-12 18:02:49,few clouds
280,Cidreira,BR,-30.1811,-50.2056,71.96,65,94,13.04,2021-04-12 18:02:49,overcast clouds
281,Penzance,GB,50.1186,-5.5371,48.2,66,20,11.5,2021-04-12 18:02:50,few clouds
282,Poltavka,RU,54.3663,71.7632,35.01,99,99,7.14,2021-04-12 18:02:50,overcast clouds
283,Dingle,PH,10.9995,122.6711,76.62,84,94,5.23,2021-04-12 18:02:51,light rain
284,Robertsport,LR,6.7533,-11.3686,82.9,79,5,11.95,2021-04-12 18:02:51,clear sky
285,Garden City,US,42.3256,-83.331,59.0,82,90,5.75,2021-04-12 18:01:58,overcast clouds
286,Ouahigouya,BF,13.5828,-2.4216,99.28,4,0,7.87,2021-04-12 18:02:51,clear sky
287,Sambava,MG,-14.2667,50.1667,78.17,84,90,12.48,2021-04-12 18:02:52,light rain
288,Hohhot,CN,40.8106,111.6522,28.4,59,0,8.95,2021-04-12 18:02:52,clear sky
289,San Cristobal,VE,7.7669,-72.225,93.2,40,40,23.02,2021-04-12 18:02:53,scattered clouds
290,Yagoua,CM,10.3411,15.2329,94.71,13,68,5.08,2021-04-12 18:02:53,broken clouds
291,Urucara,BR,-2.5364,-57.76,89.89,55,65,4.9,2021-04-12 18:02:54,broken clouds
292,Iskateley,RU,67.6803,53.1512,31.08,88,70,18.34,2021-04-12 18:02:54,broken clouds
293,Itarema,BR,-2.9248,-39.9167,83.77,71,42,13.27,2021-04-12 18:02:55,scattered clouds
294,Binga,ZW,-17.6203,27.3414,74.66,62,12,2.8,2021-04-12 18:02:55,few clouds
295,Riyadh,SA,24.6877,46.7219,91.4,15,0,4.61,2021-04-12 18:01:23,clear sky
296,Malakal,SS,9.5334,31.6605,85.89,44,100,7.07,2021-04-12 18:02:55,overcast clouds
297,Dzilam Gonzalez,MX,21.2833,-88.9333,99.68,37,9,5.26,2021-04-12 18:02:56,clear sky
298,Maceio,BR,-9.6658,-35.7353,75.2,94,90,10.36,2021-04-12 18:02:56,overcast clouds
299,Huarmey,PE,-10.0681,-78.1522,73.96,74,74,9.22,2021-04-12 18:02:57,broken clouds
300,Rawson,AR,-43.3002,-65.1023,76.87,35,69,18.1,2021-04-12 18:02:57,broken clouds
301,Oranjemund,NA,-28.55,16.4333,65.5,70,1,5.21,2021-04-12 18:02:57,clear sky
302,Japura,ID,-0.3167,102.35,73.78,96,54,1.16,2021-04-12 18:02:58,broken clouds
303,Tura,IN,25.5198,90.2201,75.07,43,1,4.79,2021-04-12 18:02:58,clear sky
304,Sao Joao Da Barra,BR,-21.6403,-41.0511,91.4,38,20,5.75,2021-04-12 18:02:58,few clouds
305,Luderitz,NA,-26.6481,15.1594,78.69,40,13,7.16,2021-04-12 18:02:59,few clouds
306,Korla,CN,41.7597,86.1469,54.21,27,21,12.86,2021-04-12 18:02:59,few clouds
307,Salinas,US,36.6777,-121.6555,53.6,76,90,4.61,2021-04-12 17:59:49,overcast clouds
308,Tezu,IN,27.9167,96.1667,75.94,36,35,4.81,2021-04-12 18:03:00,scattered clouds
309,Puerto Escondido,MX,15.85,-97.0667,87.8,74,20,8.05,2021-04-12 18:03:00,few clouds
310,Bage,BR,-31.3314,-54.1069,75.2,50,40,6.91,2021-04-12 18:03:01,scattered clouds
311,Kudahuvadhoo,MV,2.6708,72.8944,83.46,72,67,4.94,2021-04-12 18:03:01,broken clouds
312,Narowal,PK,32.1,74.8833,77.0,36,20,4.61,2021-04-12 18:03:01,haze
313,Chara,RU,56.9064,118.2631,-2.07,75,38,2.44,2021-04-12 18:03:02,scattered clouds
314,Guerrero Negro,MX,27.9769,-114.0611,65.1,57,2,14.14,2021-04-12 18:03:02,clear sky
315,Eyl,SO,7.9803,49.8164,80.47,68,77,9.71,2021-04-12 17:59:05,broken clouds
316,Hasaki,JP,35.7333,140.8333,50.0,87,75,1.14,2021-04-12 18:03:03,broken clouds
317,Autazes,BR,-3.5797,-59.1306,90.66,50,74,5.5,2021-04-12 18:03:03,broken clouds
318,Bridlington,GB,54.0831,-0.1919,42.01,71,20,5.01,2021-04-12 18:03:04,few clouds
319,Muravlenko,RU,63.7898,74.523,31.21,82,52,23.67,2021-04-12 18:03:04,broken clouds
320,Kungurtug,RU,50.5994,97.5228,27.59,90,99,1.25,2021-04-12 18:03:05,overcast clouds
321,Lewiston,US,44.1003,-70.2148,53.6,62,90,9.22,2021-04-12 18:03:05,overcast clouds
322,Buta,CD,2.7858,24.73,74.62,71,99,0.25,2021-04-12 18:03:05,overcast clouds
323,Sept-Iles,CA,50.2001,-66.3821,53.6,47,96,3.44,2021-04-12 18:03:06,overcast clouds
324,Abu Dhabi,AE,24.4667,54.3667,87.8,42,0,4.61,2021-04-12 18:00:06,clear sky
325,Goshogawara,JP,40.8044,140.4414,50.0,67,100,1.01,2021-04-12 18:03:06,overcast clouds
326,Xixiang,CN,35.1628,112.865,58.77,53,79,1.66,2021-04-12 18:03:07,broken clouds
327,Axim,GH,4.8699,-2.2405,82.69,79,64,9.86,2021-04-12 18:03:07,broken clouds
328,Ngunguru,NZ,-35.6167,174.5,62.01,95,84,1.01,2021-04-12 18:03:07,broken clouds
329,Onega,RU,63.9061,38.1404,46.65,90,100,11.34,2021-04-12 18:03:08,overcast clouds
330,Vaitape,PF,-16.5167,-151.75,82.02,73,100,12.8,2021-04-12 18:03:08,overcast clouds
331,Hammerfest,NO,70.6634,23.6821,30.2,86,75,17.27,2021-04-12 18:03:09,light snow
332,Alcudia,ES,39.8532,3.1214,57.99,61,56,1.99,2021-04-12 18:00:19,broken clouds
333,Boguchar,RU,49.9358,40.545,58.35,52,86,10.22,2021-04-12 18:03:10,overcast clouds
334,Hovd,MN,48.0056,91.6419,37.33,20,16,0.56,2021-04-12 18:03:10,few clouds
335,San Quintin,MX,30.4833,-115.95,61.61,62,70,8.34,2021-04-12 18:03:10,broken clouds
336,Plettenberg Bay,ZA,-34.0527,23.3716,64.13,83,96,0.38,2021-04-12 18:03:11,overcast clouds
337,Bongandanga,CD,1.5,21.05,72.75,79,76,1.88,2021-04-12 18:03:11,broken clouds
338,Saint-Pierre,RE,-21.3393,55.4781,78.8,78,100,5.75,2021-04-12 18:03:11,moderate rain
339,Trelew,AR,-43.249,-65.3051,79.75,29,58,21.47,2021-04-12 18:03:12,broken clouds
340,Airai,TL,-8.9266,125.4092,56.66,80,86,2.21,2021-04-12 18:03:12,overcast clouds
341,Popondetta,PG,-8.7537,148.2534,72.05,94,98,2.55,2021-04-12 18:03:13,overcast clouds
342,Labuhan,ID,-6.8844,112.2051,77.41,88,81,8.41,2021-04-12 18:03:13,broken clouds
343,Aklavik,CA,68.2191,-135.0107,10.4,44,100,5.75,2021-04-12 18:03:14,overcast clouds
344,Impfondo,CG,1.6381,18.0667,75.6,75,77,3.58,2021-04-12 18:03:14,broken clouds
345,Codrington,AU,-38.2667,141.9667,53.69,72,100,10.98,2021-04-12 18:03:14,overcast clouds
346,Canapi,BR,-9.1174,-37.6012,83.93,52,95,8.48,2021-04-12 18:03:15,overcast clouds
347,Ayapel,CO,8.3137,-75.1398,93.36,50,74,3.44,2021-04-12 18:03:15,broken clouds
348,Leningradskiy,RU,69.3833,178.4167,-3.6,81,99,7.09,2021-04-12 18:03:15,overcast clouds
349,Rio Grande,BR,-32.035,-52.0986,77.0,57,75,9.22,2021-04-12 17:58:36,broken clouds
350,Alamosa,US,37.4695,-105.87,60.8,14,1,6.6,2021-04-12 18:03:16,clear sky
351,Bardiyah,LY,31.7561,25.0865,59.61,56,1,9.13,2021-04-12 18:03:16,clear sky
352,Fairbanks,US,64.8378,-147.7164,32.0,64,75,9.22,2021-04-12 17:59:27,broken clouds
353,Hamilton,US,39.1834,-84.5333,61.0,63,90,13.8,2021-04-12 18:03:17,overcast clouds
354,College,US,64.8569,-147.8028,37.4,60,90,1.57,2021-04-12 18:03:18,overcast clouds
355,Portland,US,45.5234,-122.6762,57.0,43,20,3.44,2021-04-12 18:03:18,few clouds
356,Zheleznodorozhnyy,RU,55.7503,38.0042,53.01,46,0,8.95,2021-04-12 18:03:18,clear sky
357,Kamyaran,IR,34.7956,46.9355,57.2,24,75,6.91,2021-04-12 18:03:19,broken clouds
358,Shambu,ET,9.5667,37.1,57.96,68,100,2.06,2021-04-12 18:03:19,light rain
359,Awbari,LY,26.5921,12.7805,85.23,10,60,12.84,2021-04-12 18:03:20,broken clouds
360,Acarau,BR,-2.8856,-40.12,83.82,72,40,13.65,2021-04-12 18:03:20,scattered clouds
361,Porto Santo,PT,33.072,-16.3415,69.8,78,20,12.66,2021-04-12 18:03:20,few clouds
362,The Valley,AI,18.217,-63.0578,84.2,61,20,13.8,2021-04-12 18:03:21,few clouds
363,Bundaberg,AU,-24.85,152.35,64.0,82,1,8.05,2021-04-12 18:03:21,clear sky
364,Praia Da Vitoria,PT,38.7333,-27.0667,64.99,94,40,21.34,2021-04-12 18:03:21,scattered clouds
365,Broome,US,42.2506,-75.833,46.0,93,90,12.66,2021-04-12 18:03:22,mist
366,Benjamin Constant,BR,-4.3831,-70.0311,91.4,66,40,4.61,2021-04-12 18:03:22,scattered clouds
367,Keti Bandar,PK,24.1447,67.4497,80.01,62,0,12.59,2021-04-12 18:03:23,clear sky
368,Jati,PK,24.3539,68.2671,80.62,51,0,11.32,2021-04-12 18:03:24,clear sky
369,Staryy Nadym,RU,65.6118,72.6842,30.67,80,94,27.11,2021-04-12 18:03:24,overcast clouds
370,Kruisfontein,ZA,-34.0033,24.7314,69.01,86,92,2.95,2021-04-12 18:03:24,overcast clouds
371,Grand Gaube,MU,-20.0064,57.6608,73.4,94,75,1.14,2021-04-12 18:03:25,light rain
372,Smithers,CA,54.7804,-127.1743,32.0,59,75,6.91,2021-04-12 18:03:25,broken clouds
373,Shebunino,RU,46.4339,141.8603,43.99,71,92,20.98,2021-04-12 18:03:26,overcast clouds
374,Ponta Delgada,PT,37.7333,-25.6667,62.6,94,20,16.11,2021-04-12 18:03:26,few clouds
375,Ukiah,US,39.1502,-123.2078,68.0,42,1,4.61,2021-04-12 18:03:27,clear sky
376,Asau,RO,46.4333,26.4,52.0,32,25,1.66,2021-04-12 18:03:27,scattered clouds
377,Guadalupe Y Calvo,MX,26.1,-106.9667,68.61,10,0,10.83,2021-04-12 18:03:27,clear sky
378,Sao Francisco,BR,-15.9486,-44.8644,92.68,30,31,5.97,2021-04-12 18:03:28,scattered clouds
379,San Francisco,US,37.7749,-122.4194,60.01,71,20,4.61,2021-04-12 18:00:02,few clouds
380,Balintore,GB,57.7556,-3.9123,45.0,49,75,5.75,2021-04-12 18:03:29,broken clouds
381,Comanesti,RO,46.4167,26.4333,57.2,41,0,6.91,2021-04-12 18:03:29,clear sky
382,Menongue,AO,-14.6585,17.691,65.95,57,41,6.06,2021-04-12 18:03:29,scattered clouds
383,Constitucion,CL,-35.3333,-72.4167,70.45,55,2,15.77,2021-04-12 18:03:30,clear sky
384,Deputatskiy,RU,69.3,139.9,-12.15,90,99,5.23,2021-04-12 18:03:30,overcast clouds
385,Dongsheng,CN,39.8161,109.9776,28.83,28,4,10.45,2021-04-12 18:03:31,clear sky
386,Pagudpud,PH,18.5616,120.7868,75.2,83,20,2.3,2021-04-12 18:03:31,few clouds
387,Naze,JP,28.3667,129.4833,66.76,87,99,15.86,2021-04-12 18:03:31,overcast clouds
388,Wajir,KE,1.7471,40.0573,77.0,88,0,6.55,2021-04-12 18:03:32,clear sky
389,Taree,AU,-31.9,152.4667,48.2,87,11,4.45,2021-04-12 18:03:32,few clouds
390,Paamiut,GL,61.994,-49.6678,33.82,81,12,3.89,2021-04-12 18:03:32,few clouds
391,Vila Velha,BR,-20.3297,-40.2925,88.0,55,20,11.5,2021-04-12 18:03:33,few clouds
392,Nishihara,JP,26.1842,127.7558,73.0,94,90,13.8,2021-04-12 18:03:33,mist
393,Vardo,NO,70.3705,31.1107,26.6,80,0,20.71,2021-04-12 18:03:33,clear sky
394,Muros,ES,42.7762,-9.0603,62.01,65,100,1.99,2021-04-12 18:03:34,overcast clouds
395,Vuktyl,RU,63.8567,57.3094,34.18,87,67,9.91,2021-04-12 18:03:34,broken clouds
396,Ayan,RU,56.45,138.1667,8.35,92,97,6.29,2021-04-12 18:03:34,overcast clouds
397,Sulecin,PL,52.4443,15.1168,44.01,71,100,3.76,2021-04-12 18:03:35,overcast clouds
398,Lompoc,US,34.6391,-120.4579,50.0,87,37,6.91,2021-04-12 18:01:23,scattered clouds
399,Guatire,VE,10.4762,-66.5427,79.0,78,40,17.27,2021-04-12 18:03:35,scattered clouds
400,Corinto,GR,37.9407,22.9573,59.0,52,10,1.99,2021-04-12 18:03:36,clear sky
401,Marystown,CA,47.1666,-55.1483,38.66,94,100,14.63,2021-04-12 18:03:36,overcast clouds
402,Nortelandia,BR,-14.4547,-56.8028,90.79,41,4,6.82,2021-04-12 18:03:36,moderate rain
403,Hanzhong,CN,33.0728,107.0303,60.87,72,100,2.19,2021-04-12 18:03:37,moderate rain
404,Indianola,US,41.3581,-93.5574,55.0,41,3,18.34,2021-04-12 18:03:37,clear sky
405,Tiksi,RU,71.6872,128.8694,3.18,92,89,8.19,2021-04-12 18:03:37,overcast clouds
406,Nanortalik,GL,60.1432,-45.2371,36.55,68,6,14.47,2021-04-12 18:03:38,clear sky
407,Nehe,CN,48.4833,124.8333,15.42,84,85,7.09,2021-04-12 18:03:38,overcast clouds
408,Shache,CN,38.4167,77.2406,61.36,22,36,5.14,2021-04-12 18:03:39,scattered clouds
409,Hoyanger,NO,61.2204,6.0749,37.4,48,40,12.66,2021-04-12 18:03:39,scattered clouds
410,Colquechaca,BO,-18.6667,-66.0167,40.37,67,93,7.16,2021-04-12 18:03:39,overcast clouds
411,Kibaya,TZ,-5.3,36.5667,59.67,97,77,5.73,2021-04-12 18:03:40,light rain
412,Arona,ES,28.0996,-16.681,73.0,73,40,6.91,2021-04-12 18:03:40,scattered clouds
413,Tazovskiy,RU,67.4667,78.7,30.15,96,79,19.84,2021-04-12 18:03:41,light snow
414,Luanda,AO,-8.8368,13.2343,86.0,62,75,8.05,2021-04-12 18:03:23,light rain
415,Banja Luka,BA,44.7758,17.1856,62.6,51,0,3.44,2021-04-12 18:03:41,clear sky
416,Tabuk,PH,17.4189,121.4443,72.36,89,53,2.89,2021-04-12 18:03:42,broken clouds
417,Svetlogorsk,BY,52.6333,29.7333,48.0,90,100,6.13,2021-04-12 18:03:42,overcast clouds
418,Kahului,US,20.8947,-156.47,71.6,83,1,5.75,2021-04-12 18:03:43,light rain
419,Wonthaggi,AU,-38.6044,145.5913,45.0,92,83,6.51,2021-04-12 18:03:43,broken clouds
420,Rocha,UY,-34.4833,-54.3333,69.78,59,0,5.95,2021-04-12 18:02:27,clear sky
421,Nioki,CD,-2.7167,17.6833,74.3,80,50,3.62,2021-04-12 18:03:44,scattered clouds
422,Taft,IR,31.7471,54.2088,77.0,20,40,4.61,2021-04-12 18:03:44,scattered clouds
423,Lakhdenpokhya,RU,61.5198,30.1992,45.0,79,100,7.45,2021-04-12 18:03:45,overcast clouds
424,Moose Factory,CA,51.2585,-80.6094,42.8,75,1,9.22,2021-04-12 18:03:45,clear sky
425,Gaya,IN,24.7833,85.0,77.0,31,40,3.98,2021-04-12 18:03:45,haze
426,Tual,ID,-5.6667,132.75,83.01,73,39,8.59,2021-04-12 18:03:46,scattered clouds
427,Warrnambool,AU,-38.3833,142.4833,51.01,92,100,12.39,2021-04-12 18:03:46,overcast clouds
428,Planaltina,BR,-15.4528,-47.6142,82.4,47,40,5.75,2021-04-12 18:03:46,scattered clouds
429,Weinan,CN,34.5036,109.5089,63.0,67,0,6.71,2021-04-12 18:03:47,clear sky
430,Chifeng,CN,42.2683,118.9636,32.49,32,15,10.18,2021-04-12 18:03:47,few clouds
431,Cabra,ES,37.4725,-4.4421,73.4,43,0,6.91,2021-04-12 18:03:47,clear sky
432,Praia,CV,14.9215,-23.5087,82.4,39,0,18.41,2021-04-12 18:03:48,clear sky
433,Puerto Madryn,AR,-42.7692,-65.0385,77.11,34,15,12.91,2021-04-12 18:00:52,few clouds
434,Forest Grove,US,45.5198,-123.1107,57.99,33,1,8.05,2021-04-12 18:03:49,clear sky
435,Bambanglipuro,ID,-7.95,110.2833,78.03,85,91,2.39,2021-04-12 18:03:09,overcast clouds
436,Springfield,US,37.2153,-93.2982,64.0,42,1,9.22,2021-04-12 18:01:31,clear sky
437,Mehamn,NO,71.0357,27.8492,30.2,80,40,20.71,2021-04-12 18:03:49,light snow
438,Iwaki,JP,37.05,140.8833,50.0,80,99,13.56,2021-04-12 18:02:16,overcast clouds
439,Marsh Harbour,BS,26.5412,-77.0636,75.27,80,20,18.81,2021-04-12 18:03:50,few clouds
440,Medvedevo,RU,56.6339,47.804,46.4,49,0,8.95,2021-04-12 18:03:51,clear sky
441,Sioux Lookout,CA,50.1001,-91.917,33.8,93,90,12.66,2021-04-12 18:02:57,light rain
442,Chadiza,ZM,-14.0678,32.4392,64.53,91,98,5.1,2021-04-12 18:03:51,overcast clouds
443,Belyy Yar,RU,53.6039,91.3903,35.6,75,100,8.39,2021-04-12 18:03:52,overcast clouds
444,Petropavlovsk-Kamchatskiy,RU,53.0452,158.6483,32.0,43,99,22.37,2021-04-12 18:00:10,overcast clouds
445,Kismayo,SO,-0.3582,42.5454,82.98,72,12,10.47,2021-04-12 18:03:52,few clouds
446,Moussoro,TD,13.6408,16.4901,91.87,6,96,12.5,2021-04-12 18:00:19,overcast clouds
447,Bhayavadar,IN,21.85,70.25,84.43,27,0,8.32,2021-04-12 18:03:53,clear sky
448,Rosario,AR,-32.9468,-60.6393,75.2,43,0,10.36,2021-04-12 18:03:32,clear sky
449,Albion,US,42.2431,-84.753,61.0,55,90,9.22,2021-04-12 18:03:53,overcast clouds
450,Faya,SA,18.3851,42.4509,66.2,63,0,5.75,2021-04-12 18:03:54,clear sky
451,Fandriana,MG,-20.2333,47.3833,59.92,97,94,2.21,2021-04-12 18:03:54,overcast clouds
452,Begang,PH,6.6909,122.0168,77.0,94,40,2.3,2021-04-12 18:03:55,scattered clouds
453,Phalaborwa,ZA,-23.943,31.1411,77.0,57,0,5.75,2021-04-12 18:01:00,clear sky
454,Mecca,SA,21.4267,39.8261,77.9,43,3,8.57,2021-04-12 18:03:55,clear sky
455,Yumen,CN,40.2833,97.2,39.47,42,90,16.6,2021-04-12 18:03:56,overcast clouds
456,Kharp,RU,66.8014,65.8081,29.98,84,59,20.49,2021-04-12 18:03:56,broken clouds
457,Shirokiy,RU,49.758,129.523,17.08,76,100,12.93,2021-04-12 18:03:57,overcast clouds
458,Tadine,NC,-21.55,167.8833,76.48,87,100,9.37,2021-04-12 18:03:57,moderate rain
459,Kiruna,SE,67.8557,20.2251,28.4,64,51,3.44,2021-04-12 18:03:57,broken clouds
460,Salalah,OM,17.0151,54.0924,82.4,69,20,5.75,2021-04-12 18:03:58,few clouds
461,Manaure,CO,11.7751,-72.4445,82.94,72,86,17.18,2021-04-12 18:03:58,overcast clouds
462,Cabo San Lucas,MX,22.8909,-109.9124,78.8,38,1,9.22,2021-04-12 18:03:59,clear sky
463,Charters Towers,AU,-20.1,146.2667,67.33,86,3,6.42,2021-04-12 18:03:59,clear sky
464,Sakhnovshchyna,UA,49.1517,35.872,55.09,76,100,4.34,2021-04-12 18:04:00,overcast clouds
465,Pandamatenga,BW,-18.5278,25.627,68.22,51,4,3.62,2021-04-12 18:04:00,clear sky
466,Villa Carlos Paz,AR,-31.4241,-64.4978,77.0,40,0,11.5,2021-04-12 18:04:01,clear sky
467,Ambatondrazaka,MG,-17.8333,48.4167,66.42,92,100,4.97,2021-04-12 18:04:01,overcast clouds
468,Guilin,CN,25.2819,110.2864,60.8,94,75,4.12,2021-04-12 18:02:11,light rain
469,Vizinga,RU,61.0749,50.1031,33.6,89,20,5.59,2021-04-12 18:04:02,few clouds
470,Macapa,BR,0.0389,-51.0664,89.6,62,40,4.61,2021-04-12 18:04:02,scattered clouds
471,Shahpur,IN,16.7,76.8333,87.85,34,42,7.72,2021-04-12 18:04:03,scattered clouds
472,Owando,CG,-0.4819,15.8999,75.16,75,84,4.07,2021-04-12 18:04:03,broken clouds
473,Vila Do Maio,CV,15.1333,-23.2167,82.4,39,0,18.41,2021-04-12 18:04:03,clear sky
474,Darab,IR,28.7519,54.5444,71.56,26,74,2.93,2021-04-12 18:04:04,broken clouds
475,Chizhou,CN,30.6578,117.4831,61.02,86,100,0.92,2021-04-12 18:04:04,light rain
476,Tatui,BR,-23.3556,-47.8569,86.0,38,8,1.99,2021-04-12 18:04:04,clear sky
477,Chapaevsk,RU,52.9813,49.7112,55.4,76,0,6.71,2021-04-12 18:04:05,clear sky
478,Hutchinson,US,38.0608,-97.9298,53.6,35,75,17.27,2021-04-12 18:00:16,broken clouds
479,Camocim,BR,-2.9022,-40.8411,83.97,72,68,11.01,2021-04-12 18:04:05,broken clouds
480,Kimberley,ZA,-28.7323,24.7623,75.2,35,0,2.3,2021-04-12 18:01:56,clear sky
481,Paso De Los Toros,UY,-32.8167,-56.5167,69.48,53,0,3.33,2021-04-12 18:04:06,clear sky
482,Burgos,ES,42.3394,-3.7079,48.2,66,0,12.66,2021-04-12 18:04:07,clear sky
483,Pundaguitan,PH,6.3711,126.1689,80.89,75,95,2.64,2021-04-12 18:04:07,overcast clouds
484,Flin Flon,CA,54.7682,-101.865,26.6,50,90,12.66,2021-04-12 18:04:08,snow
485,Sao Jose Da Coroa Grande,BR,-8.8978,-35.1478,81.97,73,96,7.85,2021-04-12 18:04:08,overcast clouds
486,Matehuala,MX,23.65,-100.65,86.68,8,35,7.34,2021-04-12 18:04:09,scattered clouds
487,Pompeu,BR,-19.2244,-44.9353,82.08,29,77,4.97,2021-04-12 18:04:10,broken clouds
488,Pangody,RU,65.85,74.4859,31.24,85,98,25.95,2021-04-12 18:04:10,overcast clouds
489,Roebourne,AU,-20.7833,117.1333,81.84,74,48,8.1,2021-04-12 18:04:10,scattered clouds
490,Klyuchi,RU,52.2667,79.1667,42.03,56,34,7.49,2021-04-12 18:04:11,scattered clouds
491,Les Cayes,HT,18.2,-73.75,81.88,65,96,12.59,2021-04-12 18:04:11,overcast clouds
492,Colac,AU,-38.3333,143.5833,51.01,1,100,1.99,2021-04-12 18:04:11,overcast clouds
493,Shanting,CN,35.0753,117.4578,58.73,66,73,2.82,2021-04-12 18:04:12,broken clouds
494,Mongo,TD,12.1844,18.693,92.23,9,82,4.85,2021-04-12 18:04:12,broken clouds
495,Kavali,IN,14.9167,79.9833,80.51,77,0,6.35,2021-04-12 18:04:13,clear sky
496,Champerico,GT,14.3,-91.9167,91.4,55,0,9.22,2021-04-12 18:04:13,clear sky
497,Lere,NG,10.387,8.5726,88.77,13,93,8.48,2021-04-12 18:04:13,overcast clouds
498,Kainantu,PG,-6.2887,145.8655,58.86,97,100,3.04,2021-04-12 18:04:14,light rain
499,Bulgan,MN,48.8125,103.5347,25.52,68,40,5.61,2021-04-12 18:04:14,scattered clouds
500,Tokur,RU,53.1333,132.9,12.65,94,100,4.38,2021-04-12 18:04:15,light snow
501,Abha,SA,18.2164,42.5053,66.2,63,0,5.75,2021-04-12 18:04:15,clear sky
502,Kijang,KR,35.2442,129.2139,60.8,94,90,8.05,2021-04-12 18:04:15,moderate rain
503,Meulaboh,ID,4.1363,96.1285,77.29,86,85,3.53,2021-04-12 18:04:16,overcast clouds
504,Shepsi,RU,44.0361,39.1489,47.46,89,100,1.07,2021-04-12 18:04:17,light rain
505,Kilembe,UG,0.2,30.0,62.6,92,94,3.11,2021-04-12 18:04:17,light rain
506,Sarangani,PH,5.4033,125.4636,81.14,77,100,6.29,2021-04-12 18:04:17,overcast clouds
507,Caravelas,BR,-17.7125,-39.2481,84.38,51,25,9.91,2021-04-12 18:04:18,scattered clouds
508,Ust-Tsilma,RU,65.441,52.1498,37.98,74,93,8.79,2021-04-12 18:04:18,overcast clouds
509,Redmond,US,47.674,-122.1215,52.0,59,49,5.99,2021-04-12 18:00:01,scattered clouds
510,Atar,MR,20.5169,-13.0499,96.87,10,7,12.73,2021-04-12 18:04:19,clear sky
511,Jishou,CN,28.3167,109.7167,59.31,96,86,1.92,2021-04-12 18:04:19,light rain
512,Geraldton,AU,-28.7667,114.6,66.2,63,99,17.27,2021-04-12 18:04:19,overcast clouds
513,Bathsheba,BB,13.2167,-59.5167,84.2,61,75,17.27,2021-04-12 18:04:20,volcanic ash
514,Khangarh,PK,29.9173,71.1618,84.2,39,40,9.22,2021-04-12 18:04:20,haze
515,Adrar,MR,20.5022,-10.0711,95.58,8,8,5.82,2021-04-12 18:04:21,clear sky
516,Lashio,MM,22.9333,97.75,69.66,45,14,1.59,2021-04-12 18:04:21,few clouds
517,Tyrma,RU,50.0833,132.1667,22.77,94,100,4.9,2021-04-12 18:04:21,overcast clouds
518,Woodward,US,36.4337,-99.3904,55.4,37,1,18.41,2021-04-12 18:02:28,clear sky
519,General Roca,AR,-39.0333,-67.5833,80.6,34,0,10.36,2021-04-12 18:04:22,clear sky
520,Ancud,CL,-41.8697,-73.8203,60.8,94,90,12.66,2021-04-12 18:04:23,light rain
521,Kuruman,ZA,-27.4524,23.4325,73.0,46,31,9.31,2021-04-12 18:00:41,scattered clouds
522,Opuwo,NA,-18.0607,13.84,74.01,33,1,7.99,2021-04-12 18:04:24,clear sky
523,Niquero,CU,20.0431,-77.5828,86.36,58,62,7.45,2021-04-12 18:04:25,broken clouds
524,Maragogi,BR,-9.0122,-35.2225,81.93,72,95,8.25,2021-04-12 18:04:25,overcast clouds
525,Kulykivka,UA,51.3735,31.6466,50.04,87,100,4.52,2021-04-12 18:04:26,overcast clouds
526,Primorsk,UA,46.7348,36.3443,47.25,88,100,7.56,2021-04-12 18:04:26,overcast clouds
527,Gejiu,CN,23.306,103.1635,55.58,92,58,4.14,2021-04-12 18:04:26,broken clouds
528,Bentiu,SS,9.2333,29.8333,85.15,44,100,6.58,2021-04-12 18:04:27,overcast clouds
529,Kavaratti,IN,10.5669,72.642,83.71,74,56,6.15,2021-04-12 18:04:27,broken clouds
530,Acapulco,MX,16.8634,-99.8901,84.2,65,20,6.91,2021-04-12 18:02:52,few clouds
531,Nchelenge,ZM,-9.3451,28.734,70.23,86,75,5.64,2021-04-12 18:04:27,moderate rain
532,Madera,US,37.1666,-119.8343,71.01,49,48,1.99,2021-04-12 18:04:28,scattered clouds
533,Gao,ML,16.6362,1.637,97.09,5,0,8.7,2021-04-12 18:02:11,clear sky
534,Cotonou,BJ,6.3654,2.4183,87.8,58,20,12.66,2021-04-12 18:04:29,few clouds
535,Taltal,CL,-25.4,-70.4833,70.21,64,27,8.05,2021-04-12 18:04:29,scattered clouds
536,Stornoway,GB,58.2093,-6.3865,43.0,45,22,5.75,2021-04-12 18:04:29,few clouds
537,Cumberland,US,35.0502,-78.8664,78.8,21,1,14.97,2021-04-12 18:00:19,clear sky
538,Abnub,EG,27.2696,31.1511,68.0,37,0,12.66,2021-04-12 18:00:02,clear sky
539,Grindavik,IS,63.8424,-22.4338,44.6,81,75,21.85,2021-04-12 18:04:30,broken clouds
540,Broken Hill,AU,-31.95,141.4333,53.6,43,78,8.05,2021-04-12 18:04:31,broken clouds
541,Jablah,SY,35.3614,35.9256,48.2,71,40,4.61,2021-04-12 18:04:31,scattered clouds
542,Ballarat,AU,-37.5662,143.8496,44.94,89,99,4.45,2021-04-12 18:04:31,overcast clouds
543,Santiago,CL,-33.4569,-70.6483,82.99,18,0,3.44,2021-04-12 18:01:13,clear sky
544,Outjo,NA,-20.1167,16.15,70.05,38,2,9.13,2021-04-12 18:04:32,clear sky
545,Farafangana,MG,-22.8167,47.8333,75.87,85,92,4.47,2021-04-12 18:04:32,light rain
546,Kasaragod,IN,12.5,75.0,84.2,79,40,3.44,2021-04-12 18:03:08,moderate rain
547,Kilindoni,TZ,-7.9139,39.6668,78.58,82,100,12.33,2021-04-12 18:04:33,light rain
548,Kasempa,ZM,-13.4584,25.8338,65.35,85,99,4.29,2021-04-12 18:04:33,overcast clouds
549,Myitkyina,MM,25.3833,97.4,74.21,46,6,2.37,2021-04-12 18:04:33,clear sky
550,Harper,LR,4.375,-7.7169,82.58,78,42,9.62,2021-04-12 18:03:18,scattered clouds
551,Kurumkan,RU,54.3,110.3,20.95,64,1,2.89,2021-04-12 18:04:34,clear sky
552,Den Helder,NL,52.9599,4.7593,41.0,75,75,11.5,2021-04-12 18:04:34,broken clouds
553,Flinders,AU,-34.5833,150.8552,48.0,93,12,4.61,2021-04-12 18:04:35,few clouds
554,Khatassy,RU,61.9036,129.6383,10.4,85,0,2.33,2021-04-12 18:04:35,clear sky
555,Aljezur,PT,37.3191,-8.8033,60.57,67,98,4.47,2021-04-12 18:04:36,overcast clouds
556,Temba,ZA,-25.3803,28.2631,72.0,55,0,1.14,2021-04-12 18:04:36,clear sky
557,Alytus,LT,54.4,24.05,55.4,41,0,4.61,2021-04-12 18:04:36,clear sky
558,Yicheng,CN,31.3705,119.8703,52.0,99,98,4.9,2021-04-12 18:04:37,overcast clouds
559,Nonoichi,JP,36.5333,136.6167,62.6,42,75,16.11,2021-04-12 18:04:37,broken clouds
560,Talnakh,RU,69.4865,88.3972,23.36,95,100,8.52,2021-04-12 18:04:38,light snow
561,Verkhoyansk,RU,67.5447,133.385,-12.3,98,84,2.24,2021-04-12 18:01:09,broken clouds
562,Salta,AR,-24.7859,-65.4117,64.4,59,75,4.61,2021-04-12 18:04:38,broken clouds
563,Port Augusta,AU,-32.5,137.7667,66.2,30,100,16.11,2021-04-12 18:04:39,overcast clouds
564,Alekseyevka,RU,50.6309,38.6903,58.87,59,73,8.43,2021-04-12 18:04:39,broken clouds
565,Carahue,CL,-38.7,-73.1667,69.8,68,20,6.91,2021-04-12 18:04:40,few clouds
566,Berbera,SO,10.4396,45.0143,81.54,76,56,7.07,2021-04-12 18:04:40,broken clouds
567,Canutama,BR,-6.5339,-64.3831,90.73,51,99,1.34,2021-04-12 18:04:40,overcast clouds
568,Ankazoabo,MG,-22.2833,44.5167,74.48,50,90,6.51,2021-04-12 18:04:41,overcast clouds
569,Jodiya,IN,22.6925,70.306,82.94,52,0,11.77,2021-04-12 18:04:42,clear sky
570,Bud,US,39.447,-86.1758,64.99,60,19,15.32,2021-04-12 18:04:42,few clouds
571,Tuyen Quang,VN,21.8233,105.2181,73.08,95,68,2.46,2021-04-12 18:04:43,broken clouds
572,Ouadda,CF,8.0777,22.4007,73.24,65,97,2.39,2021-04-12 18:04:43,overcast clouds
573,Shenjiamen,CN,29.9576,122.298,58.46,93,99,11.16,2021-04-12 18:04:44,overcast clouds
574,Kaseda,JP,31.4167,130.3167,60.01,93,100,11.01,2021-04-12 18:04:44,overcast clouds
575,Poum,NC,-20.2333,164.0167,77.79,84,95,7.4,2021-04-12 18:04:44,overcast clouds
576,Gladstone,AU,-23.85,151.25,66.2,63,40,6.91,2021-04-12 18:04:45,light rain
577,Kloulklubed,PW,7.0419,134.2556,78.8,89,90,3.44,2021-04-12 18:04:45,overcast clouds
578,Dudinka,RU,69.4058,86.1778,21.13,95,100,11.95,2021-04-12 18:04:45,overcast clouds
579,Yulara,AU,-25.2406,130.9889,60.8,41,89,3.44,2021-04-12 18:04:46,overcast clouds
580,Moses Lake,US,47.1301,-119.2781,55.4,21,1,8.1,2021-04-12 18:04:46,clear sky
581,Haapiti,PF,-17.5667,-149.8667,84.2,65,75,11.5,2021-04-12 18:04:47,broken clouds
582,Westport,US,41.1415,-73.3579,52.0,62,90,6.91,2021-04-12 18:00:22,overcast clouds
583,Anqing,CN,30.5092,117.0506,61.27,88,100,1.74,2021-04-12 18:04:47,overcast clouds
584,Copiapo,CL,-27.3667,-70.3333,64.4,68,0,16.11,2021-04-12 18:04:48,clear sky
585,Berezovyy,RU,51.6667,135.7,20.17,93,100,7.94,2021-04-12 18:04:48,snow
586,Dauphin,CA,51.1494,-100.0502,23.0,86,90,21.85,2021-04-12 18:04:48,snow
587,Kirovskiy,RU,45.0917,133.5136,46.26,61,100,10.33,2021-04-12 18:04:49,overcast clouds
588,Dunedin,NZ,-45.8742,170.5036,55.99,68,51,6.55,2021-04-12 18:04:49,light rain
589,Inverell,AU,-29.7833,151.1167,43.0,71,0,3.0,2021-04-12 18:04:50,clear sky
590,Parrita,CR,9.5201,-84.3225,82.4,65,75,5.75,2021-04-12 18:04:50,broken clouds
591,Vao,NC,-22.6667,167.4833,75.52,87,100,6.58,2021-04-12 18:04:51,light rain
592,Sayula,MX,19.8667,-103.6167,80.6,54,20,6.91,2021-04-12 18:04:51,few clouds
593,Gornyy,RU,55.1153,83.9059,30.7,95,100,10.13,2021-04-12 18:04:52,overcast clouds
594,Pitimbu,BR,-7.4706,-34.8086,84.2,84,40,12.66,2021-04-12 18:04:52,scattered clouds
595,Baykit,RU,61.67,96.37,33.28,91,100,10.09,2021-04-12 18:04:53,light snow
596,Shar,KZ,49.5886,81.0453,45.82,66,5,2.44,2021-04-12 18:04:53,clear sky
597,Jitra,MY,6.2681,100.4217,77.0,100,20,2.42,2021-04-12 18:04:54,few clouds
598,Laguna,US,38.421,-121.4238,70.0,30,1,6.91,2021-04-12 18:04:54,clear sky
599,Micheweni,TZ,-4.9667,39.8333,79.97,81,97,12.1,2021-04-12 18:04:54,overcast clouds
600,Seoul,KR,37.5683,126.9778,55.4,93,90,4.61,2021-04-12 18:03:27,light rain
601,Kralendijk,BQ,12.15,-68.2667,84.2,74,40,19.57,2021-04-12 18:04:55,scattered clouds
602,Araouane,ML,18.9048,-3.5265,99.93,6,0,8.55,2021-04-12 18:04:55,clear sky
603,Ostrovnoy,RU,68.0531,39.5131,32.7,91,100,10.67,2021-04-12 18:04:56,overcast clouds
604,Konstantinovka,RU,49.6167,127.9833,8.74,83,93,7.58,2021-04-12 18:04:56,overcast clouds
605,Zhanaozen,KZ,43.3,52.8,63.99,21,100,8.84,2021-04-12 18:04:57,overcast clouds
606,Katyuzhanka,UA,50.806,30.1376,50.0,62,100,2.24,2021-04-12 18:04:57,overcast clouds
607,Todos Santos,MX,23.45,-110.2167,87.01,50,1,14.97,2021-04-12 18:04:57,clear sky
608,Palu,ID,-0.8917,119.8707,74.52,93,83,2.93,2021-04-12 18:01:01,broken clouds
609,Verkhniy Avzyan,RU,53.5289,57.5372,42.71,99,42,2.35,2021-04-12 18:04:58,scattered clouds
610,Biggar,GB,55.6167,-3.5167,48.2,29,0,5.75,2021-04-12 18:04:58,clear sky
611,Vanimo,PG,-2.6741,141.3028,75.85,93,100,4.32,2021-04-12 18:04:59,light rain
612,Yining,CN,29.0361,114.5636,59.38,95,96,1.63,2021-04-12 18:04:59,overcast clouds
613,Urengoy,RU,65.9667,78.3667,31.5,92,89,18.95,2021-04-12 18:04:59,overcast clouds
614,Wangaratta,AU,-36.3667,146.3333,33.8,100,47,3.31,2021-04-12 18:05:00,scattered clouds
615,Elko,US,41.0002,-115.5012,48.0,26,10,1.99,2021-04-12 18:00:05,clear sky
616,Agadez,NE,19.75,10.25,90.79,5,0,7.74,2021-04-12 18:04:16,clear sky
617,Lardos,GR,36.0942,28.0157,59.0,63,0,4.61,2021-04-12 18:04:13,clear sky
618,Ingham,US,42.6,-84.3833,60.8,63,90,8.05,2021-04-12 18:05:01,overcast clouds
619,Goure,NE,13.9835,10.2704,89.29,5,5,11.34,2021-04-12 18:05:01,clear sky
620,Matagami,CA,49.7502,-77.6328,57.2,58,90,13.8,2021-04-12 18:05:01,overcast clouds
621,North Bend,US,43.4065,-124.2243,57.99,47,1,9.22,2021-04-12 18:05:02,clear sky
622,Maputo,MZ,-25.9653,32.5892,79.0,78,20,10.36,2021-04-12 18:05:02,few clouds
623,Aasiaat,GL,68.7098,-52.8699,33.21,90,100,28.41,2021-04-12 18:05:02,light rain
624,Camacha,PT,33.0833,-16.3333,69.8,78,20,12.66,2021-04-12 18:05:03,few clouds
625,Lagoa,PT,39.05,-27.9833,61.97,86,59,13.56,2021-04-12 18:05:03,broken clouds
626,Aswan,EG,24.0934,32.907,74.35,10,4,12.55,2021-04-12 18:05:04,clear sky
627,Tomiya,JP,38.3931,140.8861,52.63,64,100,13.38,2021-04-12 18:05:04,overcast clouds
628,Yingcheng,CN,30.95,113.55,62.6,94,39,2.24,2021-04-12 18:05:05,light rain
629,Nerchinsk,RU,51.9833,116.5833,21.36,35,12,1.52,2021-04-12 18:05:05,few clouds
630,West Odessa,US,31.8424,-102.4988,68.0,24,1,14.97,2021-04-12 18:05:05,clear sky
631,Abong Mbang,CM,3.9833,13.1833,75.24,70,63,2.8,2021-04-12 18:05:06,broken clouds
632,Podlesnoye,RU,51.8161,47.009,55.94,65,63,8.3,2021-04-12 18:05:06,broken clouds
633,Killybegs,IE,54.6333,-8.45,48.2,71,40,9.22,2021-04-12 18:05:07,scattered clouds
634,Leshan,CN,29.5623,103.7639,63.0,78,100,2.21,2021-04-12 18:05:07,overcast clouds
635,Mianwali,PK,32.5741,71.5264,78.42,36,83,8.19,2021-04-12 18:01:57,broken clouds
636,Jalu,LY,29.0331,21.5482,73.47,10,55,11.39,2021-04-12 18:05:07,broken clouds
637,Manali,IN,13.1667,80.2667,84.2,74,20,6.91,2021-04-12 18:05:08,few clouds
638,Banjar,ID,-8.19,114.9675,76.44,88,7,4.99,2021-04-12 18:05:08,clear sky
639,Umm Lajj,SA,25.0213,37.2685,71.56,56,1,13.31,2021-04-12 18:05:08,clear sky
640,Vostok,RU,46.4856,135.8833,43.7,56,100,10.83,2021-04-12 18:05:09,overcast clouds
641,Enshi,CN,30.3,109.4833,60.39,92,100,0.78,2021-04-12 18:05:10,light rain
642,La Asuncion,VE,11.0333,-63.8628,81.81,75,84,6.87,2021-04-12 18:05:10,broken clouds
643,Awjilah,LY,29.1081,21.2869,74.12,9,62,11.65,2021-04-12 18:05:10,broken clouds
644,Inhambane,MZ,-23.865,35.3833,77.0,78,40,4.61,2021-04-12 18:05:11,scattered clouds
645,Lucea,JM,18.451,-78.1736,84.2,74,20,12.66,2021-04-12 18:05:11,few clouds
646,Reyes,BO,-14.3167,-67.3833,65.86,98,100,4.59,2021-04-12 18:05:12,overcast clouds
647,Bichena,ET,10.45,38.2,59.23,66,100,3.44,2021-04-12 18:05:12,light rain
648,Mildura,AU,-34.2,142.15,51.8,54,94,6.91,2021-04-12 18:05:13,overcast clouds
649,Taoudenni,ML,22.6783,-3.9836,100.81,7,98,5.79,2021-04-12 18:05:13,overcast clouds
650,Husavik,IS,66.0449,-17.3389,48.2,46,0,10.36,2021-04-12 18:05:13,clear sky
651,Pecos,US,31.4229,-103.4932,68.0,22,1,10.36,2021-04-12 18:05:14,clear sky
652,Talcahuano,CL,-36.7167,-73.1167,71.6,56,0,13.8,2021-04-12 18:05:14,clear sky
653,Amahai,ID,-3.3333,128.9167,82.0,92,76,3.27,2021-04-12 18:05:15,broken clouds
654,Erenhot,CN,43.6475,111.9767,30.69,18,4,8.32,2021-04-12 18:05:16,clear sky
655,Oksfjord,NO,70.2396,22.3479,32.0,86,75,9.22,2021-04-12 18:05:16,light snow
656,Hollister,US,36.8525,-121.4016,55.4,76,1,3.44,2021-04-12 18:03:52,clear sky
657,Chincha Alta,PE,-13.4099,-76.1323,75.2,60,0,23.02,2021-04-12 18:05:17,clear sky
658,Horasan,TR,40.0458,42.1728,39.34,71,85,2.13,2021-04-12 18:05:17,overcast clouds
659,Olafsvik,IS,64.8945,-23.7142,40.84,78,29,3.78,2021-04-12 18:05:17,scattered clouds
660,Kudat,MY,6.8837,116.8477,77.0,94,20,3.44,2021-04-12 18:05:18,few clouds
661,Pangnirtung,CA,66.1451,-65.7125,35.6,100,90,3.65,2021-04-12 18:05:18,light rain
662,Kirensk,RU,57.7853,108.1119,19.89,98,90,3.96,2021-04-12 18:05:19,overcast clouds
663,Olden,NO,61.8364,6.8064,39.2,60,75,9.22,2021-04-12 18:05:20,broken clouds
664,Boyolangu,ID,-8.1181,111.8935,75.13,92,15,1.61,2021-04-12 18:05:20,few clouds
665,Maniitsoq,GL,65.4167,-52.9,34.59,76,70,9.84,2021-04-12 18:05:20,broken clouds
666,Capul,PH,12.4237,124.1811,79.75,84,86,11.72,2021-04-12 18:05:21,overcast clouds
667,Omboue,GA,-1.5746,9.2618,81.05,82,78,6.38,2021-04-12 18:05:21,light rain
668,Udachnyy,RU,66.4167,112.4,12.79,96,99,8.81,2021-04-12 18:05:22,overcast clouds
669,Chulym,RU,55.0997,80.9572,32.74,98,100,8.46,2021-04-12 18:05:22,light rain
670,Kazanskaya,RU,45.4106,40.4361,48.0,81,100,4.7,2021-04-12 18:05:23,overcast clouds
671,Ternate,ID,0.8,127.4,80.19,82,76,7.99,2021-04-12 18:05:23,broken clouds
672,Buchanan,LR,5.8808,-10.0467,89.6,66,40,8.05,2021-04-12 18:05:18,scattered clouds
673,Druzhba,UA,52.0428,33.9453,54.21,80,100,6.17,2021-04-12 18:05:24,overcast clouds
674,Yauya,PE,-8.9833,-77.3,59.4,55,80,5.99,2021-04-12 18:05:25,light rain
675,Verkhnevilyuysk,RU,63.4453,120.3167,-6.59,100,75,2.66,2021-04-12 18:05:25,broken clouds
676,Senneterre,CA,48.3835,-77.2328,55.4,58,90,14.97,2021-04-12 18:05:26,overcast clouds
677,Chumikan,RU,54.7183,135.315,15.44,82,100,3.71,2021-04-12 18:05:26,overcast clouds
678,Krasnoarmeyskiy,RU,47.0114,42.2072,54.27,85,100,6.8,2021-04-12 18:05:26,light rain
679,Malanje,AO,-9.5402,16.341,65.17,92,73,4.21,2021-04-12 18:05:27,broken clouds
680,Pau Dos Ferros,BR,-6.1125,-38.2063,86.85,55,99,0.74,2021-04-12 18:05:27,overcast clouds
681,Alyangula,AU,-13.8483,136.4192,69.8,100,22,2.3,2021-04-12 18:05:27,few clouds
682,Saint Helens,GB,53.45,-2.7333,48.2,34,20,8.05,2021-04-12 18:05:28,few clouds
683,Aitape,PG,-3.1374,142.3475,75.78,93,100,2.68,2021-04-12 18:05:28,overcast clouds
684,Muisne,EC,0.6,-80.0333,86.0,89,75,6.91,2021-04-12 18:05:28,broken clouds
685,Burns Lake,CA,54.2331,-125.7533,33.8,47,9,2.3,2021-04-12 18:05:29,clear sky
686,Valleyview,CA,55.0667,-117.2859,33.8,64,5,2.3,2021-04-12 18:04:29,clear sky
687,Hurghada,EG,27.2574,33.8129,69.8,32,0,19.57,2021-04-12 18:05:30,clear sky
688,West Bay,KY,19.3667,-81.4167,86.0,74,20,12.66,2021-04-12 18:05:30,few clouds
689,Jiayuguan,CN,39.8167,98.3,36.37,56,39,7.83,2021-04-12 18:05:31,scattered clouds
690,Tula,RU,54.2044,37.6111,52.97,82,87,11.52,2021-04-12 18:05:31,overcast clouds
691,Kropotkin,RU,45.4375,40.5756,48.0,81,100,4.79,2021-04-12 18:05:31,overcast clouds
692,Natal,BR,-5.795,-35.2094,87.8,62,40,18.41,2021-04-12 18:05:32,scattered clouds
693,Abilene,US,32.4487,-99.7331,66.99,42,1,13.8,2021-04-12 18:05:32,clear sky
694,Vestmannaeyjar,IS,63.4427,-20.2734,42.8,87,40,20.71,2021-04-12 18:05:32,scattered clouds
695,Kawalu,ID,-7.3817,108.2082,72.93,97,100,0.87,2021-04-12 18:05:33,overcast clouds
696,La Ronge,CA,55.1001,-105.2842,30.2,43,87,9.22,2021-04-12 18:05:33,overcast clouds
697,Redlands,US,34.0556,-117.1825,64.0,67,90,6.2,2021-04-12 18:05:34,haze
698,Dicabisagan,PH,17.0818,122.4157,75.87,90,78,4.16,2021-04-12 18:05:34,broken clouds
699,Annau,TM,37.8876,58.516,59.0,47,23,4.61,2021-04-12 18:05:34,few clouds
700,Great Bend,US,38.3645,-98.7648,55.0,46,75,16.11,2021-04-12 18:02:05,broken clouds
701,Kamaishi,JP,39.2667,141.8833,53.29,77,100,17.9,2021-04-12 18:05:35,overcast clouds
702,Lannion,FR,48.75,-3.4167,48.2,61,0,9.22,2021-04-12 18:05:36,clear sky
703,Okakarara,NA,-20.5833,17.4333,67.33,37,0,6.42,2021-04-12 18:05:37,clear sky
704,Kuah,MY,6.3265,99.8432,82.4,83,20,3.44,2021-04-12 18:05:37,few clouds
705,Cardston,CA,49.2,-113.3019,32.0,59,77,6.91,2021-04-12 18:05:38,broken clouds
706,Boa Vista,BR,2.8197,-60.6733,89.6,55,75,9.22,2021-04-12 18:05:39,broken clouds
